timestamp,power_watts,cadence_rpm,speed_kmh,distance_m,heart_rate_bpm
2025-09-19T23:02:13.273290,200,85,25.0,,140
2025-09-19T23:02:14.273290,202,86,25.5,,
2025-09-19T23:02:15.273290,204,87,26.0,,
2025-09-19T23:02:16.273290,206,88,26.5,,
2025-09-19T23:02:17.273290,208,89,27.0,,
2025-09-19T23:02:18.273290,210,90,27.5,,145
2025-09-19T23:02:19.273290,212,91,28.0,,
2025-09-19T23:02:20.273290,214,92,28.5,,
2025-09-19T23:02:21.273290,216,93,29.0,,
2025-09-19T23:02:22.273290,218,94,29.5,,
2025-09-19T23:02:23.273290,220,95,25.0,,150
2025-09-19T23:02:24.273290,222,96,25.5,,
2025-09-19T23:02:25.273290,224,97,26.0,,
2025-09-19T23:02:26.273290,226,98,26.5,,
2025-09-19T23:02:27.273290,228,99,27.0,,
2025-09-19T23:02:28.273290,230,100,27.5,,155
2025-09-19T23:02:29.273290,232,101,28.0,,
2025-09-19T23:02:30.273290,234,102,28.5,,
2025-09-19T23:02:31.273290,236,103,29.0,,
2025-09-19T23:02:32.273290,238,104,29.5,,
2025-09-19T23:02:33.273290,240,85,25.0,,160
2025-09-19T23:02:34.273290,242,86,25.5,,
2025-09-19T23:02:35.273290,244,87,26.0,,
2025-09-19T23:02:36.273290,246,88,26.5,,
2025-09-19T23:02:37.273290,248,89,27.0,,
2025-09-19T23:02:38.273290,250,90,27.5,,165
2025-09-19T23:02:39.273290,252,91,28.0,,
2025-09-19T23:02:40.273290,254,92,28.5,,
2025-09-19T23:02:41.273290,256,93,29.0,,
2025-09-19T23:02:42.273290,258,94,29.5,,
2025-09-19T23:02:43.273290,260,95,25.0,,140
2025-09-19T23:02:44.273290,262,96,25.5,,
2025-09-19T23:02:45.273290,264,97,26.0,,
2025-09-19T23:02:46.273290,266,98,26.5,,
2025-09-19T23:02:47.273290,268,99,27.0,,
2025-09-19T23:02:48.273290,270,100,27.5,,145
2025-09-19T23:02:49.273290,272,101,28.0,,
2025-09-19T23:02:50.273290,274,102,28.5,,
2025-09-19T23:02:51.273290,276,103,29.0,,
2025-09-19T23:02:52.273290,278,104,29.5,,
2025-09-19T23:02:53.273290,280,85,25.0,,150
2025-09-19T23:02:54.273290,282,86,25.5,,
2025-09-19T23:02:55.273290,284,87,26.0,,
2025-09-19T23:02:56.273290,286,88,26.5,,
2025-09-19T23:02:57.273290,288,89,27.0,,
2025-09-19T23:02:58.273290,290,90,27.5,,155
2025-09-19T23:02:59.273290,292,91,28.0,,
2025-09-19T23:03:00.273290,294,92,28.5,,
2025-09-19T23:03:01.273290,296,93,29.0,,
2025-09-19T23:03:02.273290,298,94,29.5,,
2025-09-19T23:03:03.273290,300,95,25.0,,160
2025-09-19T23:03:04.273290,302,96,25.5,,
2025-09-19T23:03:05.273290,304,97,26.0,,
2025-09-19T23:03:06.273290,306,98,26.5,,
2025-09-19T23:03:07.273290,308,99,27.0,,
2025-09-19T23:03:08.273290,310,100,27.5,,165
2025-09-19T23:03:09.273290,312,101,28.0,,
2025-09-19T23:03:10.273290,314,102,28.5,,
2025-09-19T23:03:11.273290,316,103,29.0,,
2025-09-19T23:03:12.273290,318,104,29.5,,
2025-09-19T23:03:13.273290,200,85,25.0,,140
2025-09-19T23:03:14.273290,202,86,25.5,,
2025-09-19T23:03:15.273290,204,87,26.0,,
2025-09-19T23:03:16.273290,206,88,26.5,,
2025-09-19T23:03:17.273290,208,89,27.0,,
2025-09-19T23:03:18.273290,210,90,27.5,,145
2025-09-19T23:03:19.273290,212,91,28.0,,
2025-09-19T23:03:20.273290,214,92,28.5,,
2025-09-19T23:03:21.273290,216,93,29.0,,
2025-09-19T23:03:22.273290,218,94,29.5,,
2025-09-19T23:03:23.273290,220,95,25.0,,150
2025-09-19T23:03:24.273290,222,96,25.5,,
2025-09-19T23:03:25.273290,224,97,26.0,,
2025-09-19T23:03:26.273290,226,98,26.5,,
2025-09-19T23:03:27.273290,228,99,27.0,,
2025-09-19T23:03:28.273290,230,100,27.5,,155
2025-09-19T23:03:29.273290,232,101,28.0,,
2025-09-19T23:03:30.273290,234,102,28.5,,
2025-09-19T23:03:31.273290,236,103,29.0,,
2025-09-19T23:03:32.273290,238,104,29.5,,
2025-09-19T23:03:33.273290,240,85,25.0,,160
2025-09-19T23:03:34.273290,242,86,25.5,,
2025-09-19T23:03:35.273290,244,87,26.0,,
2025-09-19T23:03:36.273290,246,88,26.5,,
2025-09-19T23:03:37.273290,248,89,27.0,,
2025-09-19T23:03:38.273290,250,90,27.5,,165
2025-09-19T23:03:39.273290,252,91,28.0,,
2025-09-19T23:03:40.273290,254,92,28.5,,
2025-09-19T23:03:41.273290,256,93,29.0,,
2025-09-19T23:03:42.273290,258,94,29.5,,
2025-09-19T23:03:43.273290,260,95,25.0,,140
2025-09-19T23:03:44.273290,262,96,25.5,,
2025-09-19T23:03:45.273290,264,97,26.0,,
2025-09-19T23:03:46.273290,266,98,26.5,,
2025-09-19T23:03:47.273290,268,99,27.0,,
2025-09-19T23:03:48.273290,270,100,27.5,,145
2025-09-19T23:03:49.273290,272,101,28.0,,
2025-09-19T23:03:50.273290,274,102,28.5,,
2025-09-19T23:03:51.273290,276,103,29.0,,
2025-09-19T23:03:52.273290,278,104,29.5,,
2025-09-19T23:03:53.273290,280,85,25.0,,150
2025-09-19T23:03:54.273290,282,86,25.5,,
2025-09-19T23:03:55.273290,284,87,26.0,,
2025-09-19T23:03:56.273290,286,88,26.5,,
2025-09-19T23:03:57.273290,288,89,27.0,,
2025-09-19T23:03:58.273290,290,90,27.5,,155
2025-09-19T23:03:59.273290,292,91,28.0,,
2025-09-19T23:04:00.273290,294,92,28.5,,
2025-09-19T23:04:01.273290,296,93,29.0,,
2025-09-19T23:04:02.273290,298,94,29.5,,
2025-09-19T23:04:03.273290,300,95,25.0,,160
2025-09-19T23:04:04.273290,302,96,25.5,,
2025-09-19T23:04:05.273290,304,97,26.0,,
2025-09-19T23:04:06.273290,306,98,26.5,,
2025-09-19T23:04:07.273290,308,99,27.0,,
2025-09-19T23:04:08.273290,310,100,27.5,,165
2025-09-19T23:04:09.273290,312,101,28.0,,
2025-09-19T23:04:10.273290,314,102,28.5,,
2025-09-19T23:04:11.273290,316,103,29.0,,
2025-09-19T23:04:12.273290,318,104,29.5,,
2025-09-19T23:04:13.273290,200,85,25.0,,140
2025-09-19T23:04:14.273290,202,86,25.5,,
2025-09-19T23:04:15.273290,204,87,26.0,,
2025-09-19T23:04:16.273290,206,88,26.5,,
2025-09-19T23:04:17.273290,208,89,27.0,,
2025-09-19T23:04:18.273290,210,90,27.5,,145
2025-09-19T23:04:19.273290,212,91,28.0,,
2025-09-19T23:04:20.273290,214,92,28.5,,
2025-09-19T23:04:21.273290,216,93,29.0,,
2025-09-19T23:04:22.273290,218,94,29.5,,
2025-09-19T23:04:23.273290,220,95,25.0,,150
2025-09-19T23:04:24.273290,222,96,25.5,,
2025-09-19T23:04:25.273290,224,97,26.0,,
2025-09-19T23:04:26.273290,226,98,26.5,,
2025-09-19T23:04:27.273290,228,99,27.0,,
2025-09-19T23:04:28.273290,230,100,27.5,,155
2025-09-19T23:04:29.273290,232,101,28.0,,
2025-09-19T23:04:30.273290,234,102,28.5,,
2025-09-19T23:04:31.273290,236,103,29.0,,
2025-09-19T23:04:32.273290,238,104,29.5,,
2025-09-19T23:04:33.273290,240,85,25.0,,160
2025-09-19T23:04:34.273290,242,86,25.5,,
2025-09-19T23:04:35.273290,244,87,26.0,,
2025-09-19T23:04:36.273290,246,88,26.5,,
2025-09-19T23:04:37.273290,248,89,27.0,,
2025-09-19T23:04:38.273290,250,90,27.5,,165
2025-09-19T23:04:39.273290,252,91,28.0,,
2025-09-19T23:04:40.273290,254,92,28.5,,
2025-09-19T23:04:41.273290,256,93,29.0,,
2025-09-19T23:04:42.273290,258,94,29.5,,
2025-09-19T23:04:43.273290,260,95,25.0,,140
2025-09-19T23:04:44.273290,262,96,25.5,,
2025-09-19T23:04:45.273290,264,97,26.0,,
2025-09-19T23:04:46.273290,266,98,26.5,,
2025-09-19T23:04:47.273290,268,99,27.0,,
2025-09-19T23:04:48.273290,270,100,27.5,,145
2025-09-19T23:04:49.273290,272,101,28.0,,
2025-09-19T23:04:50.273290,274,102,28.5,,
2025-09-19T23:04:51.273290,276,103,29.0,,
2025-09-19T23:04:52.273290,278,104,29.5,,
2025-09-19T23:04:53.273290,280,85,25.0,,150
2025-09-19T23:04:54.273290,282,86,25.5,,
2025-09-19T23:04:55.273290,284,87,26.0,,
2025-09-19T23:04:56.273290,286,88,26.5,,
2025-09-19T23:04:57.273290,288,89,27.0,,
2025-09-19T23:04:58.273290,290,90,27.5,,155
2025-09-19T23:04:59.273290,292,91,28.0,,
2025-09-19T23:05:00.273290,294,92,28.5,,
2025-09-19T23:05:01.273290,296,93,29.0,,
2025-09-19T23:05:02.273290,298,94,29.5,,
2025-09-19T23:05:03.273290,300,95,25.0,,160
2025-09-19T23:05:04.273290,302,96,25.5,,
2025-09-19T23:05:05.273290,304,97,26.0,,
2025-09-19T23:05:06.273290,306,98,26.5,,
2025-09-19T23:05:07.273290,308,99,27.0,,
2025-09-19T23:05:08.273290,310,100,27.5,,165
2025-09-19T23:05:09.273290,312,101,28.0,,
2025-09-19T23:05:10.273290,314,102,28.5,,
2025-09-19T23:05:11.273290,316,103,29.0,,
2025-09-19T23:05:12.273290,318,104,29.5,,
2025-09-19T23:05:13.273290,200,85,25.0,,140
2025-09-19T23:05:14.273290,202,86,25.5,,
2025-09-19T23:05:15.273290,204,87,26.0,,
2025-09-19T23:05:16.273290,206,88,26.5,,
2025-09-19T23:05:17.273290,208,89,27.0,,
2025-09-19T23:05:18.273290,210,90,27.5,,145
2025-09-19T23:05:19.273290,212,91,28.0,,
2025-09-19T23:05:20.273290,214,92,28.5,,
2025-09-19T23:05:21.273290,216,93,29.0,,
2025-09-19T23:05:22.273290,218,94,29.5,,
2025-09-19T23:05:23.273290,220,95,25.0,,150
2025-09-19T23:05:24.273290,222,96,25.5,,
2025-09-19T23:05:25.273290,224,97,26.0,,
2025-09-19T23:05:26.273290,226,98,26.5,,
2025-09-19T23:05:27.273290,228,99,27.0,,
2025-09-19T23:05:28.273290,230,100,27.5,,155
2025-09-19T23:05:29.273290,232,101,28.0,,
2025-09-19T23:05:30.273290,234,102,28.5,,
2025-09-19T23:05:31.273290,236,103,29.0,,
2025-09-19T23:05:32.273290,238,104,29.5,,
2025-09-19T23:05:33.273290,240,85,25.0,,160
2025-09-19T23:05:34.273290,242,86,25.5,,
2025-09-19T23:05:35.273290,244,87,26.0,,
2025-09-19T23:05:36.273290,246,88,26.5,,
2025-09-19T23:05:37.273290,248,89,27.0,,
2025-09-19T23:05:38.273290,250,90,27.5,,165
2025-09-19T23:05:39.273290,252,91,28.0,,
2025-09-19T23:05:40.273290,254,92,28.5,,
2025-09-19T23:05:41.273290,256,93,29.0,,
2025-09-19T23:05:42.273290,258,94,29.5,,
2025-09-19T23:05:43.273290,260,95,25.0,,140
2025-09-19T23:05:44.273290,262,96,25.5,,
2025-09-19T23:05:45.273290,264,97,26.0,,
2025-09-19T23:05:46.273290,266,98,26.5,,
2025-09-19T23:05:47.273290,268,99,27.0,,
2025-09-19T23:05:48.273290,270,100,27.5,,145
2025-09-19T23:05:49.273290,272,101,28.0,,
2025-09-19T23:05:50.273290,274,102,28.5,,
2025-09-19T23:05:51.273290,276,103,29.0,,
2025-09-19T23:05:52.273290,278,104,29.5,,
2025-09-19T23:05:53.273290,280,85,25.0,,150
2025-09-19T23:05:54.273290,282,86,25.5,,
2025-09-19T23:05:55.273290,284,87,26.0,,
2025-09-19T23:05:56.273290,286,88,26.5,,
2025-09-19T23:05:57.273290,288,89,27.0,,
2025-09-19T23:05:58.273290,290,90,27.5,,155
2025-09-19T23:05:59.273290,292,91,28.0,,
2025-09-19T23:06:00.273290,294,92,28.5,,
2025-09-19T23:06:01.273290,296,93,29.0,,
2025-09-19T23:06:02.273290,298,94,29.5,,
2025-09-19T23:06:03.273290,300,95,25.0,,160
2025-09-19T23:06:04.273290,302,96,25.5,,
2025-09-19T23:06:05.273290,304,97,26.0,,
2025-09-19T23:06:06.273290,306,98,26.5,,
2025-09-19T23:06:07.273290,308,99,27.0,,
2025-09-19T23:06:08.273290,310,100,27.5,,165
2025-09-19T23:06:09.273290,312,101,28.0,,
2025-09-19T23:06:10.273290,314,102,28.5,,
2025-09-19T23:06:11.273290,316,103,29.0,,
2025-09-19T23:06:12.273290,318,104,29.5,,
2025-09-19T23:06:13.273290,200,85,25.0,,140
2025-09-19T23:06:14.273290,202,86,25.5,,
2025-09-19T23:06:15.273290,204,87,26.0,,
2025-09-19T23:06:16.273290,206,88,26.5,,
2025-09-19T23:06:17.273290,208,89,27.0,,
2025-09-19T23:06:18.273290,210,90,27.5,,145
2025-09-19T23:06:19.273290,212,91,28.0,,
2025-09-19T23:06:20.273290,214,92,28.5,,
2025-09-19T23:06:21.273290,216,93,29.0,,
2025-09-19T23:06:22.273290,218,94,29.5,,
2025-09-19T23:06:23.273290,220,95,25.0,,150
2025-09-19T23:06:24.273290,222,96,25.5,,
2025-09-19T23:06:25.273290,224,97,26.0,,
2025-09-19T23:06:26.273290,226,98,26.5,,
2025-09-19T23:06:27.273290,228,99,27.0,,
2025-09-19T23:06:28.273290,230,100,27.5,,155
2025-09-19T23:06:29.273290,232,101,28.0,,
2025-09-19T23:06:30.273290,234,102,28.5,,
2025-09-19T23:06:31.273290,236,103,29.0,,
2025-09-19T23:06:32.273290,238,104,29.5,,
2025-09-19T23:06:33.273290,240,85,25.0,,160
2025-09-19T23:06:34.273290,242,86,25.5,,
2025-09-19T23:06:35.273290,244,87,26.0,,
2025-09-19T23:06:36.273290,246,88,26.5,,
2025-09-19T23:06:37.273290,248,89,27.0,,
2025-09-19T23:06:38.273290,250,90,27.5,,165
2025-09-19T23:06:39.273290,252,91,28.0,,
2025-09-19T23:06:40.273290,254,92,28.5,,
2025-09-19T23:06:41.273290,256,93,29.0,,
2025-09-19T23:06:42.273290,258,94,29.5,,
2025-09-19T23:06:43.273290,260,95,25.0,,140
2025-09-19T23:06:44.273290,262,96,25.5,,
2025-09-19T23:06:45.273290,264,97,26.0,,
2025-09-19T23:06:46.273290,266,98,26.5,,
2025-09-19T23:06:47.273290,268,99,27.0,,
2025-09-19T23:06:48.273290,270,100,27.5,,145
2025-09-19T23:06:49.273290,272,101,28.0,,
2025-09-19T23:06:50.273290,274,102,28.5,,
2025-09-19T23:06:51.273290,276,103,29.0,,
2025-09-19T23:06:52.273290,278,104,29.5,,
2025-09-19T23:06:53.273290,280,85,25.0,,150
2025-09-19T23:06:54.273290,282,86,25.5,,
2025-09-19T23:06:55.273290,284,87,26.0,,
2025-09-19T23:06:56.273290,286,88,26.5,,
2025-09-19T23:06:57.273290,288,89,27.0,,
2025-09-19T23:06:58.273290,290,90,27.5,,155
2025-09-19T23:06:59.273290,292,91,28.0,,
2025-09-19T23:07:00.273290,294,92,28.5,,
2025-09-19T23:07:01.273290,296,93,29.0,,
2025-09-19T23:07:02.273290,298,94,29.5,,
2025-09-19T23:07:03.273290,300,95,25.0,,160
2025-09-19T23:07:04.273290,302,96,25.5,,
2025-09-19T23:07:05.273290,304,97,26.0,,
2025-09-19T23:07:06.273290,306,98,26.5,,
2025-09-19T23:07:07.273290,308,99,27.0,,
2025-09-19T23:07:08.273290,310,100,27.5,,165
2025-09-19T23:07:09.273290,312,101,28.0,,
2025-09-19T23:07:10.273290,314,102,28.5,,
2025-09-19T23:07:11.273290,316,103,29.0,,
2025-09-19T23:07:12.273290,318,104,29.5,,
2025-09-19T23:07:13.273290,200,85,25.0,,140
2025-09-19T23:07:14.273290,202,86,25.5,,
2025-09-19T23:07:15.273290,204,87,26.0,,
2025-09-19T23:07:16.273290,206,88,26.5,,
2025-09-19T23:07:17.273290,208,89,27.0,,
2025-09-19T23:07:18.273290,210,90,27.5,,145
2025-09-19T23:07:19.273290,212,91,28.0,,
2025-09-19T23:07:20.273290,214,92,28.5,,
2025-09-19T23:07:21.273290,216,93,29.0,,
2025-09-19T23:07:22.273290,218,94,29.5,,
2025-09-19T23:07:23.273290,220,95,25.0,,150
2025-09-19T23:07:24.273290,222,96,25.5,,
2025-09-19T23:07:25.273290,224,97,26.0,,
2025-09-19T23:07:26.273290,226,98,26.5,,
2025-09-19T23:07:27.273290,228,99,27.0,,
2025-09-19T23:07:28.273290,230,100,27.5,,155
2025-09-19T23:07:29.273290,232,101,28.0,,
2025-09-19T23:07:30.273290,234,102,28.5,,
2025-09-19T23:07:31.273290,236,103,29.0,,
2025-09-19T23:07:32.273290,238,104,29.5,,
2025-09-19T23:07:33.273290,240,85,25.0,,160
2025-09-19T23:07:34.273290,242,86,25.5,,
2025-09-19T23:07:35.273290,244,87,26.0,,
2025-09-19T23:07:36.273290,246,88,26.5,,
2025-09-19T23:07:37.273290,248,89,27.0,,
2025-09-19T23:07:38.273290,250,90,27.5,,165
2025-09-19T23:07:39.273290,252,91,28.0,,
2025-09-19T23:07:40.273290,254,92,28.5,,
2025-09-19T23:07:41.273290,256,93,29.0,,
2025-09-19T23:07:42.273290,258,94,29.5,,
2025-09-19T23:07:43.273290,260,95,25.0,,140
2025-09-19T23:07:44.273290,262,96,25.5,,
2025-09-19T23:07:45.273290,264,97,26.0,,
2025-09-19T23:07:46.273290,266,98,26.5,,
2025-09-19T23:07:47.273290,268,99,27.0,,
2025-09-19T23:07:48.273290,270,100,27.5,,145
2025-09-19T23:07:49.273290,272,101,28.0,,
2025-09-19T23:07:50.273290,274,102,28.5,,
2025-09-19T23:07:51.273290,276,103,29.0,,
2025-09-19T23:07:52.273290,278,104,29.5,,
2025-09-19T23:07:53.273290,280,85,25.0,,150
2025-09-19T23:07:54.273290,282,86,25.5,,
2025-09-19T23:07:55.273290,284,87,26.0,,
2025-09-19T23:07:56.273290,286,88,26.5,,
2025-09-19T23:07:57.273290,288,89,27.0,,
2025-09-19T23:07:58.273290,290,90,27.5,,155
2025-09-19T23:07:59.273290,292,91,28.0,,
2025-09-19T23:08:00.273290,294,92,28.5,,
2025-09-19T23:08:01.273290,296,93,29.0,,
2025-09-19T23:08:02.273290,298,94,29.5,,
2025-09-19T23:08:03.273290,300,95,25.0,,160
2025-09-19T23:08:04.273290,302,96,25.5,,
2025-09-19T23:08:05.273290,304,97,26.0,,
2025-09-19T23:08:06.273290,306,98,26.5,,
2025-09-19T23:08:07.273290,308,99,27.0,,
2025-09-19T23:08:08.273290,310,100,27.5,,165
2025-09-19T23:08:09.273290,312,101,28.0,,
2025-09-19T23:08:10.273290,314,102,28.5,,
2025-09-19T23:08:11.273290,316,103,29.0,,
2025-09-19T23:08:12.273290,318,104,29.5,,
2025-09-19T23:08:13.273290,200,85,25.0,,140
2025-09-19T23:08:14.273290,202,86,25.5,,
2025-09-19T23:08:15.273290,204,87,26.0,,
2025-09-19T23:08:16.273290,206,88,26.5,,
2025-09-19T23:08:17.273290,208,89,27.0,,
2025-09-19T23:08:18.273290,210,90,27.5,,145
2025-09-19T23:08:19.273290,212,91,28.0,,
2025-09-19T23:08:20.273290,214,92,28.5,,
2025-09-19T23:08:21.273290,216,93,29.0,,
2025-09-19T23:08:22.273290,218,94,29.5,,
2025-09-19T23:08:23.273290,220,95,25.0,,150
2025-09-19T23:08:24.273290,222,96,25.5,,
2025-09-19T23:08:25.273290,224,97,26.0,,
2025-09-19T23:08:26.273290,226,98,26.5,,
2025-09-19T23:08:27.273290,228,99,27.0,,
2025-09-19T23:08:28.273290,230,100,27.5,,155
2025-09-19T23:08:29.273290,232,101,28.0,,
2025-09-19T23:08:30.273290,234,102,28.5,,
2025-09-19T23:08:31.273290,236,103,29.0,,
2025-09-19T23:08:32.273290,238,104,29.5,,
2025-09-19T23:08:33.273290,240,85,25.0,,160
2025-09-19T23:08:34.273290,242,86,25.5,,
2025-09-19T23:08:35.273290,244,87,26.0,,
2025-09-19T23:08:36.273290,246,88,26.5,,
2025-09-19T23:08:37.273290,248,89,27.0,,
2025-09-19T23:08:38.273290,250,90,27.5,,165
2025-09-19T23:08:39.273290,252,91,28.0,,
2025-09-19T23:08:40.273290,254,92,28.5,,
2025-09-19T23:08:41.273290,256,93,29.0,,
2025-09-19T23:08:42.273290,258,94,29.5,,
2025-09-19T23:08:43.273290,260,95,25.0,,140
2025-09-19T23:08:44.273290,262,96,25.5,,
2025-09-19T23:08:45.273290,264,97,26.0,,
2025-09-19T23:08:46.273290,266,98,26.5,,
2025-09-19T23:08:47.273290,268,99,27.0,,
2025-09-19T23:08:48.273290,270,100,27.5,,145
2025-09-19T23:08:49.273290,272,101,28.0,,
2025-09-19T23:08:50.273290,274,102,28.5,,
2025-09-19T23:08:51.273290,276,103,29.0,,
2025-09-19T23:08:52.273290,278,104,29.5,,
2025-09-19T23:08:53.273290,280,85,25.0,,150
2025-09-19T23:08:54.273290,282,86,25.5,,
2025-09-19T23:08:55.273290,284,87,26.0,,
2025-09-19T23:08:56.273290,286,88,26.5,,
2025-09-19T23:08:57.273290,288,89,27.0,,
2025-09-19T23:08:58.273290,290,90,27.5,,155
2025-09-19T23:08:59.273290,292,91,28.0,,
2025-09-19T23:09:00.273290,294,92,28.5,,
2025-09-19T23:09:01.273290,296,93,29.0,,
2025-09-19T23:09:02.273290,298,94,29.5,,
2025-09-19T23:09:03.273290,300,95,25.0,,160
2025-09-19T23:09:04.273290,302,96,25.5,,
2025-09-19T23:09:05.273290,304,97,26.0,,
2025-09-19T23:09:06.273290,306,98,26.5,,
2025-09-19T23:09:07.273290,308,99,27.0,,
2025-09-19T23:09:08.273290,310,100,27.5,,165
2025-09-19T23:09:09.273290,312,101,28.0,,
2025-09-19T23:09:10.273290,314,102,28.5,,
2025-09-19T23:09:11.273290,316,103,29.0,,
2025-09-19T23:09:12.273290,318,104,29.5,,
2025-09-19T23:09:13.273290,200,85,25.0,,140
2025-09-19T23:09:14.273290,202,86,25.5,,
2025-09-19T23:09:15.273290,204,87,26.0,,
2025-09-19T23:09:16.273290,206,88,26.5,,
2025-09-19T23:09:17.273290,208,89,27.0,,
2025-09-19T23:09:18.273290,210,90,27.5,,145
2025-09-19T23:09:19.273290,212,91,28.0,,
2025-09-19T23:09:20.273290,214,92,28.5,,
2025-09-19T23:09:21.273290,216,93,29.0,,
2025-09-19T23:09:22.273290,218,94,29.5,,
2025-09-19T23:09:23.273290,220,95,25.0,,150
2025-09-19T23:09:24.273290,222,96,25.5,,
2025-09-19T23:09:25.273290,224,97,26.0,,
2025-09-19T23:09:26.273290,226,98,26.5,,
2025-09-19T23:09:27.273290,228,99,27.0,,
2025-09-19T23:09:28.273290,230,100,27.5,,155
2025-09-19T23:09:29.273290,232,101,28.0,,
2025-09-19T23:09:30.273290,234,102,28.5,,
2025-09-19T23:09:31.273290,236,103,29.0,,
2025-09-19T23:09:32.273290,238,104,29.5,,
2025-09-19T23:09:33.273290,240,85,25.0,,160
2025-09-19T23:09:34.273290,242,86,25.5,,
2025-09-19T23:09:35.273290,244,87,26.0,,
2025-09-19T23:09:36.273290,246,88,26.5,,
2025-09-19T23:09:37.273290,248,89,27.0,,
2025-09-19T23:09:38.273290,250,90,27.5,,165
2025-09-19T23:09:39.273290,252,91,28.0,,
2025-09-19T23:09:40.273290,254,92,28.5,,
2025-09-19T23:09:41.273290,256,93,29.0,,
2025-09-19T23:09:42.273290,258,94,29.5,,
2025-09-19T23:09:43.273290,260,95,25.0,,140
2025-09-19T23:09:44.273290,262,96,25.5,,
2025-09-19T23:09:45.273290,264,97,26.0,,
2025-09-19T23:09:46.273290,266,98,26.5,,
2025-09-19T23:09:47.273290,268,99,27.0,,
2025-09-19T23:09:48.273290,270,100,27.5,,145
2025-09-19T23:09:49.273290,272,101,28.0,,
2025-09-19T23:09:50.273290,274,102,28.5,,
2025-09-19T23:09:51.273290,276,103,29.0,,
2025-09-19T23:09:52.273290,278,104,29.5,,
2025-09-19T23:09:53.273290,280,85,25.0,,150
2025-09-19T23:09:54.273290,282,86,25.5,,
2025-09-19T23:09:55.273290,284,87,26.0,,
2025-09-19T23:09:56.273290,286,88,26.5,,
2025-09-19T23:09:57.273290,288,89,27.0,,
2025-09-19T23:09:58.273290,290,90,27.5,,155
2025-09-19T23:09:59.273290,292,91,28.0,,
2025-09-19T23:10:00.273290,294,92,28.5,,
2025-09-19T23:10:01.273290,296,93,29.0,,
2025-09-19T23:10:02.273290,298,94,29.5,,
2025-09-19T23:10:03.273290,300,95,25.0,,160
2025-09-19T23:10:04.273290,302,96,25.5,,
2025-09-19T23:10:05.273290,304,97,26.0,,
2025-09-19T23:10:06.273290,306,98,26.5,,
2025-09-19T23:10:07.273290,308,99,27.0,,
2025-09-19T23:10:08.273290,310,100,27.5,,165
2025-09-19T23:10:09.273290,312,101,28.0,,
2025-09-19T23:10:10.273290,314,102,28.5,,
2025-09-19T23:10:11.273290,316,103,29.0,,
2025-09-19T23:10:12.273290,318,104,29.5,,
2025-09-19T23:10:13.273290,200,85,25.0,,140
2025-09-19T23:10:14.273290,202,86,25.5,,
2025-09-19T23:10:15.273290,204,87,26.0,,
2025-09-19T23:10:16.273290,206,88,26.5,,
2025-09-19T23:10:17.273290,208,89,27.0,,
2025-09-19T23:10:18.273290,210,90,27.5,,145
2025-09-19T23:10:19.273290,212,91,28.0,,
2025-09-19T23:10:20.273290,214,92,28.5,,
2025-09-19T23:10:21.273290,216,93,29.0,,
2025-09-19T23:10:22.273290,218,94,29.5,,
2025-09-19T23:10:23.273290,220,95,25.0,,150
2025-09-19T23:10:24.273290,222,96,25.5,,
2025-09-19T23:10:25.273290,224,97,26.0,,
2025-09-19T23:10:26.273290,226,98,26.5,,
2025-09-19T23:10:27.273290,228,99,27.0,,
2025-09-19T23:10:28.273290,230,100,27.5,,155
2025-09-19T23:10:29.273290,232,101,28.0,,
2025-09-19T23:10:30.273290,234,102,28.5,,
2025-09-19T23:10:31.273290,236,103,29.0,,
2025-09-19T23:10:32.273290,238,104,29.5,,
2025-09-19T23:10:33.273290,240,85,25.0,,160
2025-09-19T23:10:34.273290,242,86,25.5,,
2025-09-19T23:10:35.273290,244,87,26.0,,
2025-09-19T23:10:36.273290,246,88,26.5,,
2025-09-19T23:10:37.273290,248,89,27.0,,
2025-09-19T23:10:38.273290,250,90,27.5,,165
2025-09-19T23:10:39.273290,252,91,28.0,,
2025-09-19T23:10:40.273290,254,92,28.5,,
2025-09-19T23:10:41.273290,256,93,29.0,,
2025-09-19T23:10:42.273290,258,94,29.5,,
2025-09-19T23:10:43.273290,260,95,25.0,,140
2025-09-19T23:10:44.273290,262,96,25.5,,
2025-09-19T23:10:45.273290,264,97,26.0,,
2025-09-19T23:10:46.273290,266,98,26.5,,
2025-09-19T23:10:47.273290,268,99,27.0,,
2025-09-19T23:10:48.273290,270,100,27.5,,145
2025-09-19T23:10:49.273290,272,101,28.0,,
2025-09-19T23:10:50.273290,274,102,28.5,,
2025-09-19T23:10:51.273290,276,103,29.0,,
2025-09-19T23:10:52.273290,278,104,29.5,,
2025-09-19T23:10:53.273290,280,85,25.0,,150
2025-09-19T23:10:54.273290,282,86,25.5,,
2025-09-19T23:10:55.273290,284,87,26.0,,
2025-09-19T23:10:56.273290,286,88,26.5,,
2025-09-19T23:10:57.273290,288,89,27.0,,
2025-09-19T23:10:58.273290,290,90,27.5,,155
2025-09-19T23:10:59.273290,292,91,28.0,,
2025-09-19T23:11:00.273290,294,92,28.5,,
2025-09-19T23:11:01.273290,296,93,29.0,,
2025-09-19T23:11:02.273290,298,94,29.5,,
2025-09-19T23:11:03.273290,300,95,25.0,,160
2025-09-19T23:11:04.273290,302,96,25.5,,
2025-09-19T23:11:05.273290,304,97,26.0,,
2025-09-19T23:11:06.273290,306,98,26.5,,
2025-09-19T23:11:07.273290,308,99,27.0,,
2025-09-19T23:11:08.273290,310,100,27.5,,165
2025-09-19T23:11:09.273290,312,101,28.0,,
2025-09-19T23:11:10.273290,314,102,28.5,,
2025-09-19T23:11:11.273290,316,103,29.0,,
2025-09-19T23:11:12.273290,318,104,29.5,,
2025-09-19T23:11:13.273290,200,85,25.0,,140
2025-09-19T23:11:14.273290,202,86,25.5,,
2025-09-19T23:11:15.273290,204,87,26.0,,
2025-09-19T23:11:16.273290,206,88,26.5,,
2025-09-19T23:11:17.273290,208,89,27.0,,
2025-09-19T23:11:18.273290,210,90,27.5,,145
2025-09-19T23:11:19.273290,212,91,28.0,,
2025-09-19T23:11:20.273290,214,92,28.5,,
2025-09-19T23:11:21.273290,216,93,29.0,,
2025-09-19T23:11:22.273290,218,94,29.5,,
2025-09-19T23:11:23.273290,220,95,25.0,,150
2025-09-19T23:11:24.273290,222,96,25.5,,
2025-09-19T23:11:25.273290,224,97,26.0,,
2025-09-19T23:11:26.273290,226,98,26.5,,
2025-09-19T23:11:27.273290,228,99,27.0,,
2025-09-19T23:11:28.273290,230,100,27.5,,155
2025-09-19T23:11:29.273290,232,101,28.0,,
2025-09-19T23:11:30.273290,234,102,28.5,,
2025-09-19T23:11:31.273290,236,103,29.0,,
2025-09-19T23:11:32.273290,238,104,29.5,,
2025-09-19T23:11:33.273290,240,85,25.0,,160
2025-09-19T23:11:34.273290,242,86,25.5,,
2025-09-19T23:11:35.273290,244,87,26.0,,
2025-09-19T23:11:36.273290,246,88,26.5,,
2025-09-19T23:11:37.273290,248,89,27.0,,
2025-09-19T23:11:38.273290,250,90,27.5,,165
2025-09-19T23:11:39.273290,252,91,28.0,,
2025-09-19T23:11:40.273290,254,92,28.5,,
2025-09-19T23:11:41.273290,256,93,29.0,,
2025-09-19T23:11:42.273290,258,94,29.5,,
2025-09-19T23:11:43.273290,260,95,25.0,,140
2025-09-19T23:11:44.273290,262,96,25.5,,
2025-09-19T23:11:45.273290,264,97,26.0,,
2025-09-19T23:11:46.273290,266,98,26.5,,
2025-09-19T23:11:47.273290,268,99,27.0,,
2025-09-19T23:11:48.273290,270,100,27.5,,145
2025-09-19T23:11:49.273290,272,101,28.0,,
2025-09-19T23:11:50.273290,274,102,28.5,,
2025-09-19T23:11:51.273290,276,103,29.0,,
2025-09-19T23:11:52.273290,278,104,29.5,,
2025-09-19T23:11:53.273290,280,85,25.0,,150
2025-09-19T23:11:54.273290,282,86,25.5,,
2025-09-19T23:11:55.273290,284,87,26.0,,
2025-09-19T23:11:56.273290,286,88,26.5,,
2025-09-19T23:11:57.273290,288,89,27.0,,
2025-09-19T23:11:58.273290,290,90,27.5,,155
2025-09-19T23:11:59.273290,292,91,28.0,,
2025-09-19T23:12:00.273290,294,92,28.5,,
2025-09-19T23:12:01.273290,296,93,29.0,,
2025-09-19T23:12:02.273290,298,94,29.5,,
2025-09-19T23:12:03.273290,300,95,25.0,,160
2025-09-19T23:12:04.273290,302,96,25.5,,
2025-09-19T23:12:05.273290,304,97,26.0,,
2025-09-19T23:12:06.273290,306,98,26.5,,
2025-09-19T23:12:07.273290,308,99,27.0,,
2025-09-19T23:12:08.273290,310,100,27.5,,165
2025-09-19T23:12:09.273290,312,101,28.0,,
2025-09-19T23:12:10.273290,314,102,28.5,,
2025-09-19T23:12:11.273290,316,103,29.0,,
2025-09-19T23:12:12.273290,318,104,29.5,,
2025-09-19T23:12:13.273290,200,85,25.0,,140
2025-09-19T23:12:14.273290,202,86,25.5,,
2025-09-19T23:12:15.273290,204,87,26.0,,
2025-09-19T23:12:16.273290,206,88,26.5,,
2025-09-19T23:12:17.273290,208,89,27.0,,
2025-09-19T23:12:18.273290,210,90,27.5,,145
2025-09-19T23:12:19.273290,212,91,28.0,,
2025-09-19T23:12:20.273290,214,92,28.5,,
2025-09-19T23:12:21.273290,216,93,29.0,,
2025-09-19T23:12:22.273290,218,94,29.5,,
2025-09-19T23:12:23.273290,220,95,25.0,,150
2025-09-19T23:12:24.273290,222,96,25.5,,
2025-09-19T23:12:25.273290,224,97,26.0,,
2025-09-19T23:12:26.273290,226,98,26.5,,
2025-09-19T23:12:27.273290,228,99,27.0,,
2025-09-19T23:12:28.273290,230,100,27.5,,155
2025-09-19T23:12:29.273290,232,101,28.0,,
2025-09-19T23:12:30.273290,234,102,28.5,,
2025-09-19T23:12:31.273290,236,103,29.0,,
2025-09-19T23:12:32.273290,238,104,29.5,,
2025-09-19T23:12:33.273290,240,85,25.0,,160
2025-09-19T23:12:34.273290,242,86,25.5,,
2025-09-19T23:12:35.273290,244,87,26.0,,
2025-09-19T23:12:36.273290,246,88,26.5,,
2025-09-19T23:12:37.273290,248,89,27.0,,
2025-09-19T23:12:38.273290,250,90,27.5,,165
2025-09-19T23:12:39.273290,252,91,28.0,,
2025-09-19T23:12:40.273290,254,92,28.5,,
2025-09-19T23:12:41.273290,256,93,29.0,,
2025-09-19T23:12:42.273290,258,94,29.5,,
2025-09-19T23:12:43.273290,260,95,25.0,,140
2025-09-19T23:12:44.273290,262,96,25.5,,
2025-09-19T23:12:45.273290,264,97,26.0,,
2025-09-19T23:12:46.273290,266,98,26.5,,
2025-09-19T23:12:47.273290,268,99,27.0,,
2025-09-19T23:12:48.273290,270,100,27.5,,145
2025-09-19T23:12:49.273290,272,101,28.0,,
2025-09-19T23:12:50.273290,274,102,28.5,,
2025-09-19T23:12:51.273290,276,103,29.0,,
2025-09-19T23:12:52.273290,278,104,29.5,,
2025-09-19T23:12:53.273290,280,85,25.0,,150
2025-09-19T23:12:54.273290,282,86,25.5,,
2025-09-19T23:12:55.273290,284,87,26.0,,
2025-09-19T23:12:56.273290,286,88,26.5,,
2025-09-19T23:12:57.273290,288,89,27.0,,
2025-09-19T23:12:58.273290,290,90,27.5,,155
2025-09-19T23:12:59.273290,292,91,28.0,,
2025-09-19T23:13:00.273290,294,92,28.5,,
2025-09-19T23:13:01.273290,296,93,29.0,,
2025-09-19T23:13:02.273290,298,94,29.5,,
2025-09-19T23:13:03.273290,300,95,25.0,,160
2025-09-19T23:13:04.273290,302,96,25.5,,
2025-09-19T23:13:05.273290,304,97,26.0,,
2025-09-19T23:13:06.273290,306,98,26.5,,
2025-09-19T23:13:07.273290,308,99,27.0,,
2025-09-19T23:13:08.273290,310,100,27.5,,165
2025-09-19T23:13:09.273290,312,101,28.0,,
2025-09-19T23:13:10.273290,314,102,28.5,,
2025-09-19T23:13:11.273290,316,103,29.0,,
2025-09-19T23:13:12.273290,318,104,29.5,,
2025-09-19T23:13:13.273290,200,85,25.0,,140
2025-09-19T23:13:14.273290,202,86,25.5,,
2025-09-19T23:13:15.273290,204,87,26.0,,
2025-09-19T23:13:16.273290,206,88,26.5,,
2025-09-19T23:13:17.273290,208,89,27.0,,
2025-09-19T23:13:18.273290,210,90,27.5,,145
2025-09-19T23:13:19.273290,212,91,28.0,,
2025-09-19T23:13:20.273290,214,92,28.5,,
2025-09-19T23:13:21.273290,216,93,29.0,,
2025-09-19T23:13:22.273290,218,94,29.5,,
2025-09-19T23:13:23.273290,220,95,25.0,,150
2025-09-19T23:13:24.273290,222,96,25.5,,
2025-09-19T23:13:25.273290,224,97,26.0,,
2025-09-19T23:13:26.273290,226,98,26.5,,
2025-09-19T23:13:27.273290,228,99,27.0,,
2025-09-19T23:13:28.273290,230,100,27.5,,155
2025-09-19T23:13:29.273290,232,101,28.0,,
2025-09-19T23:13:30.273290,234,102,28.5,,
2025-09-19T23:13:31.273290,236,103,29.0,,
2025-09-19T23:13:32.273290,238,104,29.5,,
2025-09-19T23:13:33.273290,240,85,25.0,,160
2025-09-19T23:13:34.273290,242,86,25.5,,
2025-09-19T23:13:35.273290,244,87,26.0,,
2025-09-19T23:13:36.273290,246,88,26.5,,
2025-09-19T23:13:37.273290,248,89,27.0,,
2025-09-19T23:13:38.273290,250,90,27.5,,165
2025-09-19T23:13:39.273290,252,91,28.0,,
2025-09-19T23:13:40.273290,254,92,28.5,,
2025-09-19T23:13:41.273290,256,93,29.0,,
2025-09-19T23:13:42.273290,258,94,29.5,,
2025-09-19T23:13:43.273290,260,95,25.0,,140
2025-09-19T23:13:44.273290,262,96,25.5,,
2025-09-19T23:13:45.273290,264,97,26.0,,
2025-09-19T23:13:46.273290,266,98,26.5,,
2025-09-19T23:13:47.273290,268,99,27.0,,
2025-09-19T23:13:48.273290,270,100,27.5,,145
2025-09-19T23:13:49.273290,272,101,28.0,,
2025-09-19T23:13:50.273290,274,102,28.5,,
2025-09-19T23:13:51.273290,276,103,29.0,,
2025-09-19T23:13:52.273290,278,104,29.5,,
2025-09-19T23:13:53.273290,280,85,25.0,,150
2025-09-19T23:13:54.273290,282,86,25.5,,
2025-09-19T23:13:55.273290,284,87,26.0,,
2025-09-19T23:13:56.273290,286,88,26.5,,
2025-09-19T23:13:57.273290,288,89,27.0,,
2025-09-19T23:13:58.273290,290,90,27.5,,155
2025-09-19T23:13:59.273290,292,91,28.0,,
2025-09-19T23:14:00.273290,294,92,28.5,,
2025-09-19T23:14:01.273290,296,93,29.0,,
2025-09-19T23:14:02.273290,298,94,29.5,,
2025-09-19T23:14:03.273290,300,95,25.0,,160
2025-09-19T23:14:04.273290,302,96,25.5,,
2025-09-19T23:14:05.273290,304,97,26.0,,
2025-09-19T23:14:06.273290,306,98,26.5,,
2025-09-19T23:14:07.273290,308,99,27.0,,
2025-09-19T23:14:08.273290,310,100,27.5,,165
2025-09-19T23:14:09.273290,312,101,28.0,,
2025-09-19T23:14:10.273290,314,102,28.5,,
2025-09-19T23:14:11.273290,316,103,29.0,,
2025-09-19T23:14:12.273290,318,104,29.5,,
2025-09-19T23:14:13.273290,200,85,25.0,,140
2025-09-19T23:14:14.273290,202,86,25.5,,
2025-09-19T23:14:15.273290,204,87,26.0,,
2025-09-19T23:14:16.273290,206,88,26.5,,
2025-09-19T23:14:17.273290,208,89,27.0,,
2025-09-19T23:14:18.273290,210,90,27.5,,145
2025-09-19T23:14:19.273290,212,91,28.0,,
2025-09-19T23:14:20.273290,214,92,28.5,,
2025-09-19T23:14:21.273290,216,93,29.0,,
2025-09-19T23:14:22.273290,218,94,29.5,,
2025-09-19T23:14:23.273290,220,95,25.0,,150
2025-09-19T23:14:24.273290,222,96,25.5,,
2025-09-19T23:14:25.273290,224,97,26.0,,
2025-09-19T23:14:26.273290,226,98,26.5,,
2025-09-19T23:14:27.273290,228,99,27.0,,
2025-09-19T23:14:28.273290,230,100,27.5,,155
2025-09-19T23:14:29.273290,232,101,28.0,,
2025-09-19T23:14:30.273290,234,102,28.5,,
2025-09-19T23:14:31.273290,236,103,29.0,,
2025-09-19T23:14:32.273290,238,104,29.5,,
2025-09-19T23:14:33.273290,240,85,25.0,,160
2025-09-19T23:14:34.273290,242,86,25.5,,
2025-09-19T23:14:35.273290,244,87,26.0,,
2025-09-19T23:14:36.273290,246,88,26.5,,
2025-09-19T23:14:37.273290,248,89,27.0,,
2025-09-19T23:14:38.273290,250,90,27.5,,165
2025-09-19T23:14:39.273290,252,91,28.0,,
2025-09-19T23:14:40.273290,254,92,28.5,,
2025-09-19T23:14:41.273290,256,93,29.0,,
2025-09-19T23:14:42.273290,258,94,29.5,,
2025-09-19T23:14:43.273290,260,95,25.0,,140
2025-09-19T23:14:44.273290,262,96,25.5,,
2025-09-19T23:14:45.273290,264,97,26.0,,
2025-09-19T23:14:46.273290,266,98,26.5,,
2025-09-19T23:14:47.273290,268,99,27.0,,
2025-09-19T23:14:48.273290,270,100,27.5,,145
2025-09-19T23:14:49.273290,272,101,28.0,,
2025-09-19T23:14:50.273290,274,102,28.5,,
2025-09-19T23:14:51.273290,276,103,29.0,,
2025-09-19T23:14:52.273290,278,104,29.5,,
2025-09-19T23:14:53.273290,280,85,25.0,,150
2025-09-19T23:14:54.273290,282,86,25.5,,
2025-09-19T23:14:55.273290,284,87,26.0,,
2025-09-19T23:14:56.273290,286,88,26.5,,
2025-09-19T23:14:57.273290,288,89,27.0,,
2025-09-19T23:14:58.273290,290,90,27.5,,155
2025-09-19T23:14:59.273290,292,91,28.0,,
2025-09-19T23:15:00.273290,294,92,28.5,,
2025-09-19T23:15:01.273290,296,93,29.0,,
2025-09-19T23:15:02.273290,298,94,29.5,,
2025-09-19T23:15:03.273290,300,95,25.0,,160
2025-09-19T23:15:04.273290,302,96,25.5,,
2025-09-19T23:15:05.273290,304,97,26.0,,
2025-09-19T23:15:06.273290,306,98,26.5,,
2025-09-19T23:15:07.273290,308,99,27.0,,
2025-09-19T23:15:08.273290,310,100,27.5,,165
2025-09-19T23:15:09.273290,312,101,28.0,,
2025-09-19T23:15:10.273290,314,102,28.5,,
2025-09-19T23:15:11.273290,316,103,29.0,,
2025-09-19T23:15:12.273290,318,104,29.5,,
2025-09-19T23:15:13.273290,200,85,25.0,,140
2025-09-19T23:15:14.273290,202,86,25.5,,
2025-09-19T23:15:15.273290,204,87,26.0,,
2025-09-19T23:15:16.273290,206,88,26.5,,
2025-09-19T23:15:17.273290,208,89,27.0,,
2025-09-19T23:15:18.273290,210,90,27.5,,145
2025-09-19T23:15:19.273290,212,91,28.0,,
2025-09-19T23:15:20.273290,214,92,28.5,,
2025-09-19T23:15:21.273290,216,93,29.0,,
2025-09-19T23:15:22.273290,218,94,29.5,,
2025-09-19T23:15:23.273290,220,95,25.0,,150
2025-09-19T23:15:24.273290,222,96,25.5,,
2025-09-19T23:15:25.273290,224,97,26.0,,
2025-09-19T23:15:26.273290,226,98,26.5,,
2025-09-19T23:15:27.273290,228,99,27.0,,
2025-09-19T23:15:28.273290,230,100,27.5,,155
2025-09-19T23:15:29.273290,232,101,28.0,,
2025-09-19T23:15:30.273290,234,102,28.5,,
2025-09-19T23:15:31.273290,236,103,29.0,,
2025-09-19T23:15:32.273290,238,104,29.5,,
2025-09-19T23:15:33.273290,240,85,25.0,,160
2025-09-19T23:15:34.273290,242,86,25.5,,
2025-09-19T23:15:35.273290,244,87,26.0,,
2025-09-19T23:15:36.273290,246,88,26.5,,
2025-09-19T23:15:37.273290,248,89,27.0,,
2025-09-19T23:15:38.273290,250,90,27.5,,165
2025-09-19T23:15:39.273290,252,91,28.0,,
2025-09-19T23:15:40.273290,254,92,28.5,,
2025-09-19T23:15:41.273290,256,93,29.0,,
2025-09-19T23:15:42.273290,258,94,29.5,,
2025-09-19T23:15:43.273290,260,95,25.0,,140
2025-09-19T23:15:44.273290,262,96,25.5,,
2025-09-19T23:15:45.273290,264,97,26.0,,
2025-09-19T23:15:46.273290,266,98,26.5,,
2025-09-19T23:15:47.273290,268,99,27.0,,
2025-09-19T23:15:48.273290,270,100,27.5,,145
2025-09-19T23:15:49.273290,272,101,28.0,,
2025-09-19T23:15:50.273290,274,102,28.5,,
2025-09-19T23:15:51.273290,276,103,29.0,,
2025-09-19T23:15:52.273290,278,104,29.5,,
2025-09-19T23:15:53.273290,280,85,25.0,,150
2025-09-19T23:15:54.273290,282,86,25.5,,
2025-09-19T23:15:55.273290,284,87,26.0,,
2025-09-19T23:15:56.273290,286,88,26.5,,
2025-09-19T23:15:57.273290,288,89,27.0,,
2025-09-19T23:15:58.273290,290,90,27.5,,155
2025-09-19T23:15:59.273290,292,91,28.0,,
2025-09-19T23:16:00.273290,294,92,28.5,,
2025-09-19T23:16:01.273290,296,93,29.0,,
2025-09-19T23:16:02.273290,298,94,29.5,,
2025-09-19T23:16:03.273290,300,95,25.0,,160
2025-09-19T23:16:04.273290,302,96,25.5,,
2025-09-19T23:16:05.273290,304,97,26.0,,
2025-09-19T23:16:06.273290,306,98,26.5,,
2025-09-19T23:16:07.273290,308,99,27.0,,
2025-09-19T23:16:08.273290,310,100,27.5,,165
2025-09-19T23:16:09.273290,312,101,28.0,,
2025-09-19T23:16:10.273290,314,102,28.5,,
2025-09-19T23:16:11.273290,316,103,29.0,,
2025-09-19T23:16:12.273290,318,104,29.5,,
2025-09-19T23:16:13.273290,200,85,25.0,,140
2025-09-19T23:16:14.273290,202,86,25.5,,
2025-09-19T23:16:15.273290,204,87,26.0,,
2025-09-19T23:16:16.273290,206,88,26.5,,
2025-09-19T23:16:17.273290,208,89,27.0,,
2025-09-19T23:16:18.273290,210,90,27.5,,145
2025-09-19T23:16:19.273290,212,91,28.0,,
2025-09-19T23:16:20.273290,214,92,28.5,,
2025-09-19T23:16:21.273290,216,93,29.0,,
2025-09-19T23:16:22.273290,218,94,29.5,,
2025-09-19T23:16:23.273290,220,95,25.0,,150
2025-09-19T23:16:24.273290,222,96,25.5,,
2025-09-19T23:16:25.273290,224,97,26.0,,
2025-09-19T23:16:26.273290,226,98,26.5,,
2025-09-19T23:16:27.273290,228,99,27.0,,
2025-09-19T23:16:28.273290,230,100,27.5,,155
2025-09-19T23:16:29.273290,232,101,28.0,,
2025-09-19T23:16:30.273290,234,102,28.5,,
2025-09-19T23:16:31.273290,236,103,29.0,,
2025-09-19T23:16:32.273290,238,104,29.5,,
2025-09-19T23:16:33.273290,240,85,25.0,,160
2025-09-19T23:16:34.273290,242,86,25.5,,
2025-09-19T23:16:35.273290,244,87,26.0,,
2025-09-19T23:16:36.273290,246,88,26.5,,
2025-09-19T23:16:37.273290,248,89,27.0,,
2025-09-19T23:16:38.273290,250,90,27.5,,165
2025-09-19T23:16:39.273290,252,91,28.0,,
2025-09-19T23:16:40.273290,254,92,28.5,,
2025-09-19T23:16:41.273290,256,93,29.0,,
2025-09-19T23:16:42.273290,258,94,29.5,,
2025-09-19T23:16:43.273290,260,95,25.0,,140
2025-09-19T23:16:44.273290,262,96,25.5,,
2025-09-19T23:16:45.273290,264,97,26.0,,
2025-09-19T23:16:46.273290,266,98,26.5,,
2025-09-19T23:16:47.273290,268,99,27.0,,
2025-09-19T23:16:48.273290,270,100,27.5,,145
2025-09-19T23:16:49.273290,272,101,28.0,,
2025-09-19T23:16:50.273290,274,102,28.5,,
2025-09-19T23:16:51.273290,276,103,29.0,,
2025-09-19T23:16:52.273290,278,104,29.5,,
2025-09-19T23:16:53.273290,280,85,25.0,,150
2025-09-19T23:16:54.273290,282,86,25.5,,
2025-09-19T23:16:55.273290,284,87,26.0,,
2025-09-19T23:16:56.273290,286,88,26.5,,
2025-09-19T23:16:57.273290,288,89,27.0,,
2025-09-19T23:16:58.273290,290,90,27.5,,155
2025-09-19T23:16:59.273290,292,91,28.0,,
2025-09-19T23:17:00.273290,294,92,28.5,,
2025-09-19T23:17:01.273290,296,93,29.0,,
2025-09-19T23:17:02.273290,298,94,29.5,,
2025-09-19T23:17:03.273290,300,95,25.0,,160
2025-09-19T23:17:04.273290,302,96,25.5,,
2025-09-19T23:17:05.273290,304,97,26.0,,
2025-09-19T23:17:06.273290,306,98,26.5,,
2025-09-19T23:17:07.273290,308,99,27.0,,
2025-09-19T23:17:08.273290,310,100,27.5,,165
2025-09-19T23:17:09.273290,312,101,28.0,,
2025-09-19T23:17:10.273290,314,102,28.5,,
2025-09-19T23:17:11.273290,316,103,29.0,,
2025-09-19T23:17:12.273290,318,104,29.5,,
2025-09-19T23:17:13.273290,200,85,25.0,,140
2025-09-19T23:17:14.273290,202,86,25.5,,
2025-09-19T23:17:15.273290,204,87,26.0,,
2025-09-19T23:17:16.273290,206,88,26.5,,
2025-09-19T23:17:17.273290,208,89,27.0,,
2025-09-19T23:17:18.273290,210,90,27.5,,145
2025-09-19T23:17:19.273290,212,91,28.0,,
2025-09-19T23:17:20.273290,214,92,28.5,,
2025-09-19T23:17:21.273290,216,93,29.0,,
2025-09-19T23:17:22.273290,218,94,29.5,,
2025-09-19T23:17:23.273290,220,95,25.0,,150
2025-09-19T23:17:24.273290,222,96,25.5,,
2025-09-19T23:17:25.273290,224,97,26.0,,
2025-09-19T23:17:26.273290,226,98,26.5,,
2025-09-19T23:17:27.273290,228,99,27.0,,
2025-09-19T23:17:28.273290,230,100,27.5,,155
2025-09-19T23:17:29.273290,232,101,28.0,,
2025-09-19T23:17:30.273290,234,102,28.5,,
2025-09-19T23:17:31.273290,236,103,29.0,,
2025-09-19T23:17:32.273290,238,104,29.5,,
2025-09-19T23:17:33.273290,240,85,25.0,,160
2025-09-19T23:17:34.273290,242,86,25.5,,
2025-09-19T23:17:35.273290,244,87,26.0,,
2025-09-19T23:17:36.273290,246,88,26.5,,
2025-09-19T23:17:37.273290,248,89,27.0,,
2025-09-19T23:17:38.273290,250,90,27.5,,165
2025-09-19T23:17:39.273290,252,91,28.0,,
2025-09-19T23:17:40.273290,254,92,28.5,,
2025-09-19T23:17:41.273290,256,93,29.0,,
2025-09-19T23:17:42.273290,258,94,29.5,,
2025-09-19T23:17:43.273290,260,95,25.0,,140
2025-09-19T23:17:44.273290,262,96,25.5,,
2025-09-19T23:17:45.273290,264,97,26.0,,
2025-09-19T23:17:46.273290,266,98,26.5,,
2025-09-19T23:17:47.273290,268,99,27.0,,
2025-09-19T23:17:48.273290,270,100,27.5,,145
2025-09-19T23:17:49.273290,272,101,28.0,,
2025-09-19T23:17:50.273290,274,102,28.5,,
2025-09-19T23:17:51.273290,276,103,29.0,,
2025-09-19T23:17:52.273290,278,104,29.5,,
2025-09-19T23:17:53.273290,280,85,25.0,,150
2025-09-19T23:17:54.273290,282,86,25.5,,
2025-09-19T23:17:55.273290,284,87,26.0,,
2025-09-19T23:17:56.273290,286,88,26.5,,
2025-09-19T23:17:57.273290,288,89,27.0,,
2025-09-19T23:17:58.273290,290,90,27.5,,155
2025-09-19T23:17:59.273290,292,91,28.0,,
2025-09-19T23:18:00.273290,294,92,28.5,,
2025-09-19T23:18:01.273290,296,93,29.0,,
2025-09-19T23:18:02.273290,298,94,29.5,,
2025-09-19T23:18:03.273290,300,95,25.0,,160
2025-09-19T23:18:04.273290,302,96,25.5,,
2025-09-19T23:18:05.273290,304,97,26.0,,
2025-09-19T23:18:06.273290,306,98,26.5,,
2025-09-19T23:18:07.273290,308,99,27.0,,
2025-09-19T23:18:08.273290,310,100,27.5,,165
2025-09-19T23:18:09.273290,312,101,28.0,,
2025-09-19T23:18:10.273290,314,102,28.5,,
2025-09-19T23:18:11.273290,316,103,29.0,,
2025-09-19T23:18:12.273290,318,104,29.5,,
2025-09-19T23:18:13.273290,200,85,25.0,,140
2025-09-19T23:18:14.273290,202,86,25.5,,
2025-09-19T23:18:15.273290,204,87,26.0,,
2025-09-19T23:18:16.273290,206,88,26.5,,
2025-09-19T23:18:17.273290,208,89,27.0,,
2025-09-19T23:18:18.273290,210,90,27.5,,145
2025-09-19T23:18:19.273290,212,91,28.0,,
2025-09-19T23:18:20.273290,214,92,28.5,,
2025-09-19T23:18:21.273290,216,93,29.0,,
2025-09-19T23:18:22.273290,218,94,29.5,,
2025-09-19T23:18:23.273290,220,95,25.0,,150
2025-09-19T23:18:24.273290,222,96,25.5,,
2025-09-19T23:18:25.273290,224,97,26.0,,
2025-09-19T23:18:26.273290,226,98,26.5,,
2025-09-19T23:18:27.273290,228,99,27.0,,
2025-09-19T23:18:28.273290,230,100,27.5,,155
2025-09-19T23:18:29.273290,232,101,28.0,,
2025-09-19T23:18:30.273290,234,102,28.5,,
2025-09-19T23:18:31.273290,236,103,29.0,,
2025-09-19T23:18:32.273290,238,104,29.5,,
2025-09-19T23:18:33.273290,240,85,25.0,,160
2025-09-19T23:18:34.273290,242,86,25.5,,
2025-09-19T23:18:35.273290,244,87,26.0,,
2025-09-19T23:18:36.273290,246,88,26.5,,
2025-09-19T23:18:37.273290,248,89,27.0,,
2025-09-19T23:18:38.273290,250,90,27.5,,165
2025-09-19T23:18:39.273290,252,91,28.0,,
2025-09-19T23:18:40.273290,254,92,28.5,,
2025-09-19T23:18:41.273290,256,93,29.0,,
2025-09-19T23:18:42.273290,258,94,29.5,,
2025-09-19T23:18:43.273290,260,95,25.0,,140
2025-09-19T23:18:44.273290,262,96,25.5,,
2025-09-19T23:18:45.273290,264,97,26.0,,
2025-09-19T23:18:46.273290,266,98,26.5,,
2025-09-19T23:18:47.273290,268,99,27.0,,
2025-09-19T23:18:48.273290,270,100,27.5,,145
2025-09-19T23:18:49.273290,272,101,28.0,,
2025-09-19T23:18:50.273290,274,102,28.5,,
2025-09-19T23:18:51.273290,276,103,29.0,,
2025-09-19T23:18:52.273290,278,104,29.5,,
2025-09-19T23:18:53.273290,280,85,25.0,,150
2025-09-19T23:18:54.273290,282,86,25.5,,
2025-09-19T23:18:55.273290,284,87,26.0,,
2025-09-19T23:18:56.273290,286,88,26.5,,
2025-09-19T23:18:57.273290,288,89,27.0,,
2025-09-19T23:18:58.273290,290,90,27.5,,155
2025-09-19T23:18:59.273290,292,91,28.0,,
2025-09-19T23:19:00.273290,294,92,28.5,,
2025-09-19T23:19:01.273290,296,93,29.0,,
2025-09-19T23:19:02.273290,298,94,29.5,,
2025-09-19T23:19:03.273290,300,95,25.0,,160
2025-09-19T23:19:04.273290,302,96,25.5,,
2025-09-19T23:19:05.273290,304,97,26.0,,
2025-09-19T23:19:06.273290,306,98,26.5,,
2025-09-19T23:19:07.273290,308,99,27.0,,
2025-09-19T23:19:08.273290,310,100,27.5,,165
2025-09-19T23:19:09.273290,312,101,28.0,,
2025-09-19T23:19:10.273290,314,102,28.5,,
2025-09-19T23:19:11.273290,316,103,29.0,,
2025-09-19T23:19:12.273290,318,104,29.5,,
2025-09-19T23:19:13.273290,200,85,25.0,,140
2025-09-19T23:19:14.273290,202,86,25.5,,
2025-09-19T23:19:15.273290,204,87,26.0,,
2025-09-19T23:19:16.273290,206,88,26.5,,
2025-09-19T23:19:17.273290,208,89,27.0,,
2025-09-19T23:19:18.273290,210,90,27.5,,145
2025-09-19T23:19:19.273290,212,91,28.0,,
2025-09-19T23:19:20.273290,214,92,28.5,,
2025-09-19T23:19:21.273290,216,93,29.0,,
2025-09-19T23:19:22.273290,218,94,29.5,,
2025-09-19T23:19:23.273290,220,95,25.0,,150
2025-09-19T23:19:24.273290,222,96,25.5,,
2025-09-19T23:19:25.273290,224,97,26.0,,
2025-09-19T23:19:26.273290,226,98,26.5,,
2025-09-19T23:19:27.273290,228,99,27.0,,
2025-09-19T23:19:28.273290,230,100,27.5,,155
2025-09-19T23:19:29.273290,232,101,28.0,,
2025-09-19T23:19:30.273290,234,102,28.5,,
2025-09-19T23:19:31.273290,236,103,29.0,,
2025-09-19T23:19:32.273290,238,104,29.5,,
2025-09-19T23:19:33.273290,240,85,25.0,,160
2025-09-19T23:19:34.273290,242,86,25.5,,
2025-09-19T23:19:35.273290,244,87,26.0,,
2025-09-19T23:19:36.273290,246,88,26.5,,
2025-09-19T23:19:37.273290,248,89,27.0,,
2025-09-19T23:19:38.273290,250,90,27.5,,165
2025-09-19T23:19:39.273290,252,91,28.0,,
2025-09-19T23:19:40.273290,254,92,28.5,,
2025-09-19T23:19:41.273290,256,93,29.0,,
2025-09-19T23:19:42.273290,258,94,29.5,,
2025-09-19T23:19:43.273290,260,95,25.0,,140
2025-09-19T23:19:44.273290,262,96,25.5,,
2025-09-19T23:19:45.273290,264,97,26.0,,
2025-09-19T23:19:46.273290,266,98,26.5,,
2025-09-19T23:19:47.273290,268,99,27.0,,
2025-09-19T23:19:48.273290,270,100,27.5,,145
2025-09-19T23:19:49.273290,272,101,28.0,,
2025-09-19T23:19:50.273290,274,102,28.5,,
2025-09-19T23:19:51.273290,276,103,29.0,,
2025-09-19T23:19:52.273290,278,104,29.5,,
2025-09-19T23:19:53.273290,280,85,25.0,,150
2025-09-19T23:19:54.273290,282,86,25.5,,
2025-09-19T23:19:55.273290,284,87,26.0,,
2025-09-19T23:19:56.273290,286,88,26.5,,
2025-09-19T23:19:57.273290,288,89,27.0,,
2025-09-19T23:19:58.273290,290,90,27.5,,155
2025-09-19T23:19:59.273290,292,91,28.0,,
2025-09-19T23:20:00.273290,294,92,28.5,,
2025-09-19T23:20:01.273290,296,93,29.0,,
2025-09-19T23:20:02.273290,298,94,29.5,,
2025-09-19T23:20:03.273290,300,95,25.0,,160
2025-09-19T23:20:04.273290,302,96,25.5,,
2025-09-19T23:20:05.273290,304,97,26.0,,
2025-09-19T23:20:06.273290,306,98,26.5,,
2025-09-19T23:20:07.273290,308,99,27.0,,
2025-09-19T23:20:08.273290,310,100,27.5,,165
2025-09-19T23:20:09.273290,312,101,28.0,,
2025-09-19T23:20:10.273290,314,102,28.5,,
2025-09-19T23:20:11.273290,316,103,29.0,,
2025-09-19T23:20:12.273290,318,104,29.5,,
2025-09-19T23:20:13.273290,200,85,25.0,,140
2025-09-19T23:20:14.273290,202,86,25.5,,
2025-09-19T23:20:15.273290,204,87,26.0,,
2025-09-19T23:20:16.273290,206,88,26.5,,
2025-09-19T23:20:17.273290,208,89,27.0,,
2025-09-19T23:20:18.273290,210,90,27.5,,145
2025-09-19T23:20:19.273290,212,91,28.0,,
2025-09-19T23:20:20.273290,214,92,28.5,,
2025-09-19T23:20:21.273290,216,93,29.0,,
2025-09-19T23:20:22.273290,218,94,29.5,,
2025-09-19T23:20:23.273290,220,95,25.0,,150
2025-09-19T23:20:24.273290,222,96,25.5,,
2025-09-19T23:20:25.273290,224,97,26.0,,
2025-09-19T23:20:26.273290,226,98,26.5,,
2025-09-19T23:20:27.273290,228,99,27.0,,
2025-09-19T23:20:28.273290,230,100,27.5,,155
2025-09-19T23:20:29.273290,232,101,28.0,,
2025-09-19T23:20:30.273290,234,102,28.5,,
2025-09-19T23:20:31.273290,236,103,29.0,,
2025-09-19T23:20:32.273290,238,104,29.5,,
2025-09-19T23:20:33.273290,240,85,25.0,,160
2025-09-19T23:20:34.273290,242,86,25.5,,
2025-09-19T23:20:35.273290,244,87,26.0,,
2025-09-19T23:20:36.273290,246,88,26.5,,
2025-09-19T23:20:37.273290,248,89,27.0,,
2025-09-19T23:20:38.273290,250,90,27.5,,165
2025-09-19T23:20:39.273290,252,91,28.0,,
2025-09-19T23:20:40.273290,254,92,28.5,,
2025-09-19T23:20:41.273290,256,93,29.0,,
2025-09-19T23:20:42.273290,258,94,29.5,,
2025-09-19T23:20:43.273290,260,95,25.0,,140
2025-09-19T23:20:44.273290,262,96,25.5,,
2025-09-19T23:20:45.273290,264,97,26.0,,
2025-09-19T23:20:46.273290,266,98,26.5,,
2025-09-19T23:20:47.273290,268,99,27.0,,
2025-09-19T23:20:48.273290,270,100,27.5,,145
2025-09-19T23:20:49.273290,272,101,28.0,,
2025-09-19T23:20:50.273290,274,102,28.5,,
2025-09-19T23:20:51.273290,276,103,29.0,,
2025-09-19T23:20:52.273290,278,104,29.5,,
2025-09-19T23:20:53.273290,280,85,25.0,,150
2025-09-19T23:20:54.273290,282,86,25.5,,
2025-09-19T23:20:55.273290,284,87,26.0,,
2025-09-19T23:20:56.273290,286,88,26.5,,
2025-09-19T23:20:57.273290,288,89,27.0,,
2025-09-19T23:20:58.273290,290,90,27.5,,155
2025-09-19T23:20:59.273290,292,91,28.0,,
2025-09-19T23:21:00.273290,294,92,28.5,,
2025-09-19T23:21:01.273290,296,93,29.0,,
2025-09-19T23:21:02.273290,298,94,29.5,,
2025-09-19T23:21:03.273290,300,95,25.0,,160
2025-09-19T23:21:04.273290,302,96,25.5,,
2025-09-19T23:21:05.273290,304,97,26.0,,
2025-09-19T23:21:06.273290,306,98,26.5,,
2025-09-19T23:21:07.273290,308,99,27.0,,
2025-09-19T23:21:08.273290,310,100,27.5,,165
2025-09-19T23:21:09.273290,312,101,28.0,,
2025-09-19T23:21:10.273290,314,102,28.5,,
2025-09-19T23:21:11.273290,316,103,29.0,,
2025-09-19T23:21:12.273290,318,104,29.5,,
2025-09-19T23:21:13.273290,200,85,25.0,,140
2025-09-19T23:21:14.273290,202,86,25.5,,
2025-09-19T23:21:15.273290,204,87,26.0,,
2025-09-19T23:21:16.273290,206,88,26.5,,
2025-09-19T23:21:17.273290,208,89,27.0,,
2025-09-19T23:21:18.273290,210,90,27.5,,145
2025-09-19T23:21:19.273290,212,91,28.0,,
2025-09-19T23:21:20.273290,214,92,28.5,,
2025-09-19T23:21:21.273290,216,93,29.0,,
2025-09-19T23:21:22.273290,218,94,29.5,,
2025-09-19T23:21:23.273290,220,95,25.0,,150
2025-09-19T23:21:24.273290,222,96,25.5,,
2025-09-19T23:21:25.273290,224,97,26.0,,
2025-09-19T23:21:26.273290,226,98,26.5,,
2025-09-19T23:21:27.273290,228,99,27.0,,
2025-09-19T23:21:28.273290,230,100,27.5,,155
2025-09-19T23:21:29.273290,232,101,28.0,,
2025-09-19T23:21:30.273290,234,102,28.5,,
2025-09-19T23:21:31.273290,236,103,29.0,,
2025-09-19T23:21:32.273290,238,104,29.5,,
2025-09-19T23:21:33.273290,240,85,25.0,,160
2025-09-19T23:21:34.273290,242,86,25.5,,
2025-09-19T23:21:35.273290,244,87,26.0,,
2025-09-19T23:21:36.273290,246,88,26.5,,
2025-09-19T23:21:37.273290,248,89,27.0,,
2025-09-19T23:21:38.273290,250,90,27.5,,165
2025-09-19T23:21:39.273290,252,91,28.0,,
2025-09-19T23:21:40.273290,254,92,28.5,,
2025-09-19T23:21:41.273290,256,93,29.0,,
2025-09-19T23:21:42.273290,258,94,29.5,,
2025-09-19T23:21:43.273290,260,95,25.0,,140
2025-09-19T23:21:44.273290,262,96,25.5,,
2025-09-19T23:21:45.273290,264,97,26.0,,
2025-09-19T23:21:46.273290,266,98,26.5,,
2025-09-19T23:21:47.273290,268,99,27.0,,
2025-09-19T23:21:48.273290,270,100,27.5,,145
2025-09-19T23:21:49.273290,272,101,28.0,,
2025-09-19T23:21:50.273290,274,102,28.5,,
2025-09-19T23:21:51.273290,276,103,29.0,,
2025-09-19T23:21:52.273290,278,104,29.5,,
2025-09-19T23:21:53.273290,280,85,25.0,,150
2025-09-19T23:21:54.273290,282,86,25.5,,
2025-09-19T23:21:55.273290,284,87,26.0,,
2025-09-19T23:21:56.273290,286,88,26.5,,
2025-09-19T23:21:57.273290,288,89,27.0,,
2025-09-19T23:21:58.273290,290,90,27.5,,155
2025-09-19T23:21:59.273290,292,91,28.0,,
2025-09-19T23:22:00.273290,294,92,28.5,,
2025-09-19T23:22:01.273290,296,93,29.0,,
2025-09-19T23:22:02.273290,298,94,29.5,,
2025-09-19T23:22:03.273290,300,95,25.0,,160
2025-09-19T23:22:04.273290,302,96,25.5,,
2025-09-19T23:22:05.273290,304,97,26.0,,
2025-09-19T23:22:06.273290,306,98,26.5,,
2025-09-19T23:22:07.273290,308,99,27.0,,
2025-09-19T23:22:08.273290,310,100,27.5,,165
2025-09-19T23:22:09.273290,312,101,28.0,,
2025-09-19T23:22:10.273290,314,102,28.5,,
2025-09-19T23:22:11.273290,316,103,29.0,,
2025-09-19T23:22:12.273290,318,104,29.5,,
2025-09-19T23:22:13.273290,200,85,25.0,,140
2025-09-19T23:22:14.273290,202,86,25.5,,
2025-09-19T23:22:15.273290,204,87,26.0,,
2025-09-19T23:22:16.273290,206,88,26.5,,
2025-09-19T23:22:17.273290,208,89,27.0,,
2025-09-19T23:22:18.273290,210,90,27.5,,145
2025-09-19T23:22:19.273290,212,91,28.0,,
2025-09-19T23:22:20.273290,214,92,28.5,,
2025-09-19T23:22:21.273290,216,93,29.0,,
2025-09-19T23:22:22.273290,218,94,29.5,,
2025-09-19T23:22:23.273290,220,95,25.0,,150
2025-09-19T23:22:24.273290,222,96,25.5,,
2025-09-19T23:22:25.273290,224,97,26.0,,
2025-09-19T23:22:26.273290,226,98,26.5,,
2025-09-19T23:22:27.273290,228,99,27.0,,
2025-09-19T23:22:28.273290,230,100,27.5,,155
2025-09-19T23:22:29.273290,232,101,28.0,,
2025-09-19T23:22:30.273290,234,102,28.5,,
2025-09-19T23:22:31.273290,236,103,29.0,,
2025-09-19T23:22:32.273290,238,104,29.5,,
2025-09-19T23:22:33.273290,240,85,25.0,,160
2025-09-19T23:22:34.273290,242,86,25.5,,
2025-09-19T23:22:35.273290,244,87,26.0,,
2025-09-19T23:22:36.273290,246,88,26.5,,
2025-09-19T23:22:37.273290,248,89,27.0,,
2025-09-19T23:22:38.273290,250,90,27.5,,165
2025-09-19T23:22:39.273290,252,91,28.0,,
2025-09-19T23:22:40.273290,254,92,28.5,,
2025-09-19T23:22:41.273290,256,93,29.0,,
2025-09-19T23:22:42.273290,258,94,29.5,,
2025-09-19T23:22:43.273290,260,95,25.0,,140
2025-09-19T23:22:44.273290,262,96,25.5,,
2025-09-19T23:22:45.273290,264,97,26.0,,
2025-09-19T23:22:46.273290,266,98,26.5,,
2025-09-19T23:22:47.273290,268,99,27.0,,
2025-09-19T23:22:48.273290,270,100,27.5,,145
2025-09-19T23:22:49.273290,272,101,28.0,,
2025-09-19T23:22:50.273290,274,102,28.5,,
2025-09-19T23:22:51.273290,276,103,29.0,,
2025-09-19T23:22:52.273290,278,104,29.5,,
2025-09-19T23:22:53.273290,280,85,25.0,,150
2025-09-19T23:22:54.273290,282,86,25.5,,
2025-09-19T23:22:55.273290,284,87,26.0,,
2025-09-19T23:22:56.273290,286,88,26.5,,
2025-09-19T23:22:57.273290,288,89,27.0,,
2025-09-19T23:22:58.273290,290,90,27.5,,155
2025-09-19T23:22:59.273290,292,91,28.0,,
2025-09-19T23:23:00.273290,294,92,28.5,,
2025-09-19T23:23:01.273290,296,93,29.0,,
2025-09-19T23:23:02.273290,298,94,29.5,,
2025-09-19T23:23:03.273290,300,95,25.0,,160
2025-09-19T23:23:04.273290,302,96,25.5,,
2025-09-19T23:23:05.273290,304,97,26.0,,
2025-09-19T23:23:06.273290,306,98,26.5,,
2025-09-19T23:23:07.273290,308,99,27.0,,
2025-09-19T23:23:08.273290,310,100,27.5,,165
2025-09-19T23:23:09.273290,312,101,28.0,,
2025-09-19T23:23:10.273290,314,102,28.5,,
2025-09-19T23:23:11.273290,316,103,29.0,,
2025-09-19T23:23:12.273290,318,104,29.5,,
2025-09-19T23:23:13.273290,200,85,25.0,,140
2025-09-19T23:23:14.273290,202,86,25.5,,
2025-09-19T23:23:15.273290,204,87,26.0,,
2025-09-19T23:23:16.273290,206,88,26.5,,
2025-09-19T23:23:17.273290,208,89,27.0,,
2025-09-19T23:23:18.273290,210,90,27.5,,145
2025-09-19T23:23:19.273290,212,91,28.0,,
2025-09-19T23:23:20.273290,214,92,28.5,,
2025-09-19T23:23:21.273290,216,93,29.0,,
2025-09-19T23:23:22.273290,218,94,29.5,,
2025-09-19T23:23:23.273290,220,95,25.0,,150
2025-09-19T23:23:24.273290,222,96,25.5,,
2025-09-19T23:23:25.273290,224,97,26.0,,
2025-09-19T23:23:26.273290,226,98,26.5,,
2025-09-19T23:23:27.273290,228,99,27.0,,
2025-09-19T23:23:28.273290,230,100,27.5,,155
2025-09-19T23:23:29.273290,232,101,28.0,,
2025-09-19T23:23:30.273290,234,102,28.5,,
2025-09-19T23:23:31.273290,236,103,29.0,,
2025-09-19T23:23:32.273290,238,104,29.5,,
2025-09-19T23:23:33.273290,240,85,25.0,,160
2025-09-19T23:23:34.273290,242,86,25.5,,
2025-09-19T23:23:35.273290,244,87,26.0,,
2025-09-19T23:23:36.273290,246,88,26.5,,
2025-09-19T23:23:37.273290,248,89,27.0,,
2025-09-19T23:23:38.273290,250,90,27.5,,165
2025-09-19T23:23:39.273290,252,91,28.0,,
2025-09-19T23:23:40.273290,254,92,28.5,,
2025-09-19T23:23:41.273290,256,93,29.0,,
2025-09-19T23:23:42.273290,258,94,29.5,,
2025-09-19T23:23:43.273290,260,95,25.0,,140
2025-09-19T23:23:44.273290,262,96,25.5,,
2025-09-19T23:23:45.273290,264,97,26.0,,
2025-09-19T23:23:46.273290,266,98,26.5,,
2025-09-19T23:23:47.273290,268,99,27.0,,
2025-09-19T23:23:48.273290,270,100,27.5,,145
2025-09-19T23:23:49.273290,272,101,28.0,,
2025-09-19T23:23:50.273290,274,102,28.5,,
2025-09-19T23:23:51.273290,276,103,29.0,,
2025-09-19T23:23:52.273290,278,104,29.5,,
2025-09-19T23:23:53.273290,280,85,25.0,,150
2025-09-19T23:23:54.273290,282,86,25.5,,
2025-09-19T23:23:55.273290,284,87,26.0,,
2025-09-19T23:23:56.273290,286,88,26.5,,
2025-09-19T23:23:57.273290,288,89,27.0,,
2025-09-19T23:23:58.273290,290,90,27.5,,155
2025-09-19T23:23:59.273290,292,91,28.0,,
2025-09-19T23:24:00.273290,294,92,28.5,,
2025-09-19T23:24:01.273290,296,93,29.0,,
2025-09-19T23:24:02.273290,298,94,29.5,,
2025-09-19T23:24:03.273290,300,95,25.0,,160
2025-09-19T23:24:04.273290,302,96,25.5,,
2025-09-19T23:24:05.273290,304,97,26.0,,
2025-09-19T23:24:06.273290,306,98,26.5,,
2025-09-19T23:24:07.273290,308,99,27.0,,
2025-09-19T23:24:08.273290,310,100,27.5,,165
2025-09-19T23:24:09.273290,312,101,28.0,,
2025-09-19T23:24:10.273290,314,102,28.5,,
2025-09-19T23:24:11.273290,316,103,29.0,,
2025-09-19T23:24:12.273290,318,104,29.5,,
2025-09-19T23:24:13.273290,200,85,25.0,,140
2025-09-19T23:24:14.273290,202,86,25.5,,
2025-09-19T23:24:15.273290,204,87,26.0,,
2025-09-19T23:24:16.273290,206,88,26.5,,
2025-09-19T23:24:17.273290,208,89,27.0,,
2025-09-19T23:24:18.273290,210,90,27.5,,145
2025-09-19T23:24:19.273290,212,91,28.0,,
2025-09-19T23:24:20.273290,214,92,28.5,,
2025-09-19T23:24:21.273290,216,93,29.0,,
2025-09-19T23:24:22.273290,218,94,29.5,,
2025-09-19T23:24:23.273290,220,95,25.0,,150
2025-09-19T23:24:24.273290,222,96,25.5,,
2025-09-19T23:24:25.273290,224,97,26.0,,
2025-09-19T23:24:26.273290,226,98,26.5,,
2025-09-19T23:24:27.273290,228,99,27.0,,
2025-09-19T23:24:28.273290,230,100,27.5,,155
2025-09-19T23:24:29.273290,232,101,28.0,,
2025-09-19T23:24:30.273290,234,102,28.5,,
2025-09-19T23:24:31.273290,236,103,29.0,,
2025-09-19T23:24:32.273290,238,104,29.5,,
2025-09-19T23:24:33.273290,240,85,25.0,,160
2025-09-19T23:24:34.273290,242,86,25.5,,
2025-09-19T23:24:35.273290,244,87,26.0,,
2025-09-19T23:24:36.273290,246,88,26.5,,
2025-09-19T23:24:37.273290,248,89,27.0,,
2025-09-19T23:24:38.273290,250,90,27.5,,165
2025-09-19T23:24:39.273290,252,91,28.0,,
2025-09-19T23:24:40.273290,254,92,28.5,,
2025-09-19T23:24:41.273290,256,93,29.0,,
2025-09-19T23:24:42.273290,258,94,29.5,,
2025-09-19T23:24:43.273290,260,95,25.0,,140
2025-09-19T23:24:44.273290,262,96,25.5,,
2025-09-19T23:24:45.273290,264,97,26.0,,
2025-09-19T23:24:46.273290,266,98,26.5,,
2025-09-19T23:24:47.273290,268,99,27.0,,
2025-09-19T23:24:48.273290,270,100,27.5,,145
2025-09-19T23:24:49.273290,272,101,28.0,,
2025-09-19T23:24:50.273290,274,102,28.5,,
2025-09-19T23:24:51.273290,276,103,29.0,,
2025-09-19T23:24:52.273290,278,104,29.5,,
2025-09-19T23:24:53.273290,280,85,25.0,,150
2025-09-19T23:24:54.273290,282,86,25.5,,
2025-09-19T23:24:55.273290,284,87,26.0,,
2025-09-19T23:24:56.273290,286,88,26.5,,
2025-09-19T23:24:57.273290,288,89,27.0,,
2025-09-19T23:24:58.273290,290,90,27.5,,155
2025-09-19T23:24:59.273290,292,91,28.0,,
2025-09-19T23:25:00.273290,294,92,28.5,,
2025-09-19T23:25:01.273290,296,93,29.0,,
2025-09-19T23:25:02.273290,298,94,29.5,,
2025-09-19T23:25:03.273290,300,95,25.0,,160
2025-09-19T23:25:04.273290,302,96,25.5,,
2025-09-19T23:25:05.273290,304,97,26.0,,
2025-09-19T23:25:06.273290,306,98,26.5,,
2025-09-19T23:25:07.273290,308,99,27.0,,
2025-09-19T23:25:08.273290,310,100,27.5,,165
2025-09-19T23:25:09.273290,312,101,28.0,,
2025-09-19T23:25:10.273290,314,102,28.5,,
2025-09-19T23:25:11.273290,316,103,29.0,,
2025-09-19T23:25:12.273290,318,104,29.5,,
2025-09-19T23:25:13.273290,200,85,25.0,,140
2025-09-19T23:25:14.273290,202,86,25.5,,
2025-09-19T23:25:15.273290,204,87,26.0,,
2025-09-19T23:25:16.273290,206,88,26.5,,
2025-09-19T23:25:17.273290,208,89,27.0,,
2025-09-19T23:25:18.273290,210,90,27.5,,145
2025-09-19T23:25:19.273290,212,91,28.0,,
2025-09-19T23:25:20.273290,214,92,28.5,,
2025-09-19T23:25:21.273290,216,93,29.0,,
2025-09-19T23:25:22.273290,218,94,29.5,,
2025-09-19T23:25:23.273290,220,95,25.0,,150
2025-09-19T23:25:24.273290,222,96,25.5,,
2025-09-19T23:25:25.273290,224,97,26.0,,
2025-09-19T23:25:26.273290,226,98,26.5,,
2025-09-19T23:25:27.273290,228,99,27.0,,
2025-09-19T23:25:28.273290,230,100,27.5,,155
2025-09-19T23:25:29.273290,232,101,28.0,,
2025-09-19T23:25:30.273290,234,102,28.5,,
2025-09-19T23:25:31.273290,236,103,29.0,,
2025-09-19T23:25:32.273290,238,104,29.5,,
2025-09-19T23:25:33.273290,240,85,25.0,,160
2025-09-19T23:25:34.273290,242,86,25.5,,
2025-09-19T23:25:35.273290,244,87,26.0,,
2025-09-19T23:25:36.273290,246,88,26.5,,
2025-09-19T23:25:37.273290,248,89,27.0,,
2025-09-19T23:25:38.273290,250,90,27.5,,165
2025-09-19T23:25:39.273290,252,91,28.0,,
2025-09-19T23:25:40.273290,254,92,28.5,,
2025-09-19T23:25:41.273290,256,93,29.0,,
2025-09-19T23:25:42.273290,258,94,29.5,,
2025-09-19T23:25:43.273290,260,95,25.0,,140
2025-09-19T23:25:44.273290,262,96,25.5,,
2025-09-19T23:25:45.273290,264,97,26.0,,
2025-09-19T23:25:46.273290,266,98,26.5,,
2025-09-19T23:25:47.273290,268,99,27.0,,
2025-09-19T23:25:48.273290,270,100,27.5,,145
2025-09-19T23:25:49.273290,272,101,28.0,,
2025-09-19T23:25:50.273290,274,102,28.5,,
2025-09-19T23:25:51.273290,276,103,29.0,,
2025-09-19T23:25:52.273290,278,104,29.5,,
2025-09-19T23:25:53.273290,280,85,25.0,,150
2025-09-19T23:25:54.273290,282,86,25.5,,
2025-09-19T23:25:55.273290,284,87,26.0,,
2025-09-19T23:25:56.273290,286,88,26.5,,
2025-09-19T23:25:57.273290,288,89,27.0,,
2025-09-19T23:25:58.273290,290,90,27.5,,155
2025-09-19T23:25:59.273290,292,91,28.0,,
2025-09-19T23:26:00.273290,294,92,28.5,,
2025-09-19T23:26:01.273290,296,93,29.0,,
2025-09-19T23:26:02.273290,298,94,29.5,,
2025-09-19T23:26:03.273290,300,95,25.0,,160
2025-09-19T23:26:04.273290,302,96,25.5,,
2025-09-19T23:26:05.273290,304,97,26.0,,
2025-09-19T23:26:06.273290,306,98,26.5,,
2025-09-19T23:26:07.273290,308,99,27.0,,
2025-09-19T23:26:08.273290,310,100,27.5,,165
2025-09-19T23:26:09.273290,312,101,28.0,,
2025-09-19T23:26:10.273290,314,102,28.5,,
2025-09-19T23:26:11.273290,316,103,29.0,,
2025-09-19T23:26:12.273290,318,104,29.5,,
2025-09-19T23:26:13.273290,200,85,25.0,,140
2025-09-19T23:26:14.273290,202,86,25.5,,
2025-09-19T23:26:15.273290,204,87,26.0,,
2025-09-19T23:26:16.273290,206,88,26.5,,
2025-09-19T23:26:17.273290,208,89,27.0,,
2025-09-19T23:26:18.273290,210,90,27.5,,145
2025-09-19T23:26:19.273290,212,91,28.0,,
2025-09-19T23:26:20.273290,214,92,28.5,,
2025-09-19T23:26:21.273290,216,93,29.0,,
2025-09-19T23:26:22.273290,218,94,29.5,,
2025-09-19T23:26:23.273290,220,95,25.0,,150
2025-09-19T23:26:24.273290,222,96,25.5,,
2025-09-19T23:26:25.273290,224,97,26.0,,
2025-09-19T23:26:26.273290,226,98,26.5,,
2025-09-19T23:26:27.273290,228,99,27.0,,
2025-09-19T23:26:28.273290,230,100,27.5,,155
2025-09-19T23:26:29.273290,232,101,28.0,,
2025-09-19T23:26:30.273290,234,102,28.5,,
2025-09-19T23:26:31.273290,236,103,29.0,,
2025-09-19T23:26:32.273290,238,104,29.5,,
2025-09-19T23:26:33.273290,240,85,25.0,,160
2025-09-19T23:26:34.273290,242,86,25.5,,
2025-09-19T23:26:35.273290,244,87,26.0,,
2025-09-19T23:26:36.273290,246,88,26.5,,
2025-09-19T23:26:37.273290,248,89,27.0,,
2025-09-19T23:26:38.273290,250,90,27.5,,165
2025-09-19T23:26:39.273290,252,91,28.0,,
2025-09-19T23:26:40.273290,254,92,28.5,,
2025-09-19T23:26:41.273290,256,93,29.0,,
2025-09-19T23:26:42.273290,258,94,29.5,,
2025-09-19T23:26:43.273290,260,95,25.0,,140
2025-09-19T23:26:44.273290,262,96,25.5,,
2025-09-19T23:26:45.273290,264,97,26.0,,
2025-09-19T23:26:46.273290,266,98,26.5,,
2025-09-19T23:26:47.273290,268,99,27.0,,
2025-09-19T23:26:48.273290,270,100,27.5,,145
2025-09-19T23:26:49.273290,272,101,28.0,,
2025-09-19T23:26:50.273290,274,102,28.5,,
2025-09-19T23:26:51.273290,276,103,29.0,,
2025-09-19T23:26:52.273290,278,104,29.5,,
2025-09-19T23:26:53.273290,280,85,25.0,,150
2025-09-19T23:26:54.273290,282,86,25.5,,
2025-09-19T23:26:55.273290,284,87,26.0,,
2025-09-19T23:26:56.273290,286,88,26.5,,
2025-09-19T23:26:57.273290,288,89,27.0,,
2025-09-19T23:26:58.273290,290,90,27.5,,155
2025-09-19T23:26:59.273290,292,91,28.0,,
2025-09-19T23:27:00.273290,294,92,28.5,,
2025-09-19T23:27:01.273290,296,93,29.0,,
2025-09-19T23:27:02.273290,298,94,29.5,,
2025-09-19T23:27:03.273290,300,95,25.0,,160
2025-09-19T23:27:04.273290,302,96,25.5,,
2025-09-19T23:27:05.273290,304,97,26.0,,
2025-09-19T23:27:06.273290,306,98,26.5,,
2025-09-19T23:27:07.273290,308,99,27.0,,
2025-09-19T23:27:08.273290,310,100,27.5,,165
2025-09-19T23:27:09.273290,312,101,28.0,,
2025-09-19T23:27:10.273290,314,102,28.5,,
2025-09-19T23:27:11.273290,316,103,29.0,,
2025-09-19T23:27:12.273290,318,104,29.5,,
2025-09-19T23:27:13.273290,200,85,25.0,,140
2025-09-19T23:27:14.273290,202,86,25.5,,
2025-09-19T23:27:15.273290,204,87,26.0,,
2025-09-19T23:27:16.273290,206,88,26.5,,
2025-09-19T23:27:17.273290,208,89,27.0,,
2025-09-19T23:27:18.273290,210,90,27.5,,145
2025-09-19T23:27:19.273290,212,91,28.0,,
2025-09-19T23:27:20.273290,214,92,28.5,,
2025-09-19T23:27:21.273290,216,93,29.0,,
2025-09-19T23:27:22.273290,218,94,29.5,,
2025-09-19T23:27:23.273290,220,95,25.0,,150
2025-09-19T23:27:24.273290,222,96,25.5,,
2025-09-19T23:27:25.273290,224,97,26.0,,
2025-09-19T23:27:26.273290,226,98,26.5,,
2025-09-19T23:27:27.273290,228,99,27.0,,
2025-09-19T23:27:28.273290,230,100,27.5,,155
2025-09-19T23:27:29.273290,232,101,28.0,,
2025-09-19T23:27:30.273290,234,102,28.5,,
2025-09-19T23:27:31.273290,236,103,29.0,,
2025-09-19T23:27:32.273290,238,104,29.5,,
2025-09-19T23:27:33.273290,240,85,25.0,,160
2025-09-19T23:27:34.273290,242,86,25.5,,
2025-09-19T23:27:35.273290,244,87,26.0,,
2025-09-19T23:27:36.273290,246,88,26.5,,
2025-09-19T23:27:37.273290,248,89,27.0,,
2025-09-19T23:27:38.273290,250,90,27.5,,165
2025-09-19T23:27:39.273290,252,91,28.0,,
2025-09-19T23:27:40.273290,254,92,28.5,,
2025-09-19T23:27:41.273290,256,93,29.0,,
2025-09-19T23:27:42.273290,258,94,29.5,,
2025-09-19T23:27:43.273290,260,95,25.0,,140
2025-09-19T23:27:44.273290,262,96,25.5,,
2025-09-19T23:27:45.273290,264,97,26.0,,
2025-09-19T23:27:46.273290,266,98,26.5,,
2025-09-19T23:27:47.273290,268,99,27.0,,
2025-09-19T23:27:48.273290,270,100,27.5,,145
2025-09-19T23:27:49.273290,272,101,28.0,,
2025-09-19T23:27:50.273290,274,102,28.5,,
2025-09-19T23:27:51.273290,276,103,29.0,,
2025-09-19T23:27:52.273290,278,104,29.5,,
2025-09-19T23:27:53.273290,280,85,25.0,,150
2025-09-19T23:27:54.273290,282,86,25.5,,
2025-09-19T23:27:55.273290,284,87,26.0,,
2025-09-19T23:27:56.273290,286,88,26.5,,
2025-09-19T23:27:57.273290,288,89,27.0,,
2025-09-19T23:27:58.273290,290,90,27.5,,155
2025-09-19T23:27:59.273290,292,91,28.0,,
2025-09-19T23:28:00.273290,294,92,28.5,,
2025-09-19T23:28:01.273290,296,93,29.0,,
2025-09-19T23:28:02.273290,298,94,29.5,,
2025-09-19T23:28:03.273290,300,95,25.0,,160
2025-09-19T23:28:04.273290,302,96,25.5,,
2025-09-19T23:28:05.273290,304,97,26.0,,
2025-09-19T23:28:06.273290,306,98,26.5,,
2025-09-19T23:28:07.273290,308,99,27.0,,
2025-09-19T23:28:08.273290,310,100,27.5,,165
2025-09-19T23:28:09.273290,312,101,28.0,,
2025-09-19T23:28:10.273290,314,102,28.5,,
2025-09-19T23:28:11.273290,316,103,29.0,,
2025-09-19T23:28:12.273290,318,104,29.5,,
2025-09-19T23:28:13.273290,200,85,25.0,,140
2025-09-19T23:28:14.273290,202,86,25.5,,
2025-09-19T23:28:15.273290,204,87,26.0,,
2025-09-19T23:28:16.273290,206,88,26.5,,
2025-09-19T23:28:17.273290,208,89,27.0,,
2025-09-19T23:28:18.273290,210,90,27.5,,145
2025-09-19T23:28:19.273290,212,91,28.0,,
2025-09-19T23:28:20.273290,214,92,28.5,,
2025-09-19T23:28:21.273290,216,93,29.0,,
2025-09-19T23:28:22.273290,218,94,29.5,,
2025-09-19T23:28:23.273290,220,95,25.0,,150
2025-09-19T23:28:24.273290,222,96,25.5,,
2025-09-19T23:28:25.273290,224,97,26.0,,
2025-09-19T23:28:26.273290,226,98,26.5,,
2025-09-19T23:28:27.273290,228,99,27.0,,
2025-09-19T23:28:28.273290,230,100,27.5,,155
2025-09-19T23:28:29.273290,232,101,28.0,,
2025-09-19T23:28:30.273290,234,102,28.5,,
2025-09-19T23:28:31.273290,236,103,29.0,,
2025-09-19T23:28:32.273290,238,104,29.5,,
2025-09-19T23:28:33.273290,240,85,25.0,,160
2025-09-19T23:28:34.273290,242,86,25.5,,
2025-09-19T23:28:35.273290,244,87,26.0,,
2025-09-19T23:28:36.273290,246,88,26.5,,
2025-09-19T23:28:37.273290,248,89,27.0,,
2025-09-19T23:28:38.273290,250,90,27.5,,165
2025-09-19T23:28:39.273290,252,91,28.0,,
2025-09-19T23:28:40.273290,254,92,28.5,,
2025-09-19T23:28:41.273290,256,93,29.0,,
2025-09-19T23:28:42.273290,258,94,29.5,,
2025-09-19T23:28:43.273290,260,95,25.0,,140
2025-09-19T23:28:44.273290,262,96,25.5,,
2025-09-19T23:28:45.273290,264,97,26.0,,
2025-09-19T23:28:46.273290,266,98,26.5,,
2025-09-19T23:28:47.273290,268,99,27.0,,
2025-09-19T23:28:48.273290,270,100,27.5,,145
2025-09-19T23:28:49.273290,272,101,28.0,,
2025-09-19T23:28:50.273290,274,102,28.5,,
2025-09-19T23:28:51.273290,276,103,29.0,,
2025-09-19T23:28:52.273290,278,104,29.5,,
2025-09-19T23:28:53.273290,280,85,25.0,,150
2025-09-19T23:28:54.273290,282,86,25.5,,
2025-09-19T23:28:55.273290,284,87,26.0,,
2025-09-19T23:28:56.273290,286,88,26.5,,
2025-09-19T23:28:57.273290,288,89,27.0,,
2025-09-19T23:28:58.273290,290,90,27.5,,155
2025-09-19T23:28:59.273290,292,91,28.0,,
2025-09-19T23:29:00.273290,294,92,28.5,,
2025-09-19T23:29:01.273290,296,93,29.0,,
2025-09-19T23:29:02.273290,298,94,29.5,,
2025-09-19T23:29:03.273290,300,95,25.0,,160
2025-09-19T23:29:04.273290,302,96,25.5,,
2025-09-19T23:29:05.273290,304,97,26.0,,
2025-09-19T23:29:06.273290,306,98,26.5,,
2025-09-19T23:29:07.273290,308,99,27.0,,
2025-09-19T23:29:08.273290,310,100,27.5,,165
2025-09-19T23:29:09.273290,312,101,28.0,,
2025-09-19T23:29:10.273290,314,102,28.5,,
2025-09-19T23:29:11.273290,316,103,29.0,,
2025-09-19T23:29:12.273290,318,104,29.5,,
2025-09-19T23:29:13.273290,200,85,25.0,,140
2025-09-19T23:29:14.273290,202,86,25.5,,
2025-09-19T23:29:15.273290,204,87,26.0,,
2025-09-19T23:29:16.273290,206,88,26.5,,
2025-09-19T23:29:17.273290,208,89,27.0,,
2025-09-19T23:29:18.273290,210,90,27.5,,145
2025-09-19T23:29:19.273290,212,91,28.0,,
2025-09-19T23:29:20.273290,214,92,28.5,,
2025-09-19T23:29:21.273290,216,93,29.0,,
2025-09-19T23:29:22.273290,218,94,29.5,,
2025-09-19T23:29:23.273290,220,95,25.0,,150
2025-09-19T23:29:24.273290,222,96,25.5,,
2025-09-19T23:29:25.273290,224,97,26.0,,
2025-09-19T23:29:26.273290,226,98,26.5,,
2025-09-19T23:29:27.273290,228,99,27.0,,
2025-09-19T23:29:28.273290,230,100,27.5,,155
2025-09-19T23:29:29.273290,232,101,28.0,,
2025-09-19T23:29:30.273290,234,102,28.5,,
2025-09-19T23:29:31.273290,236,103,29.0,,
2025-09-19T23:29:32.273290,238,104,29.5,,
2025-09-19T23:29:33.273290,240,85,25.0,,160
2025-09-19T23:29:34.273290,242,86,25.5,,
2025-09-19T23:29:35.273290,244,87,26.0,,
2025-09-19T23:29:36.273290,246,88,26.5,,
2025-09-19T23:29:37.273290,248,89,27.0,,
2025-09-19T23:29:38.273290,250,90,27.5,,165
2025-09-19T23:29:39.273290,252,91,28.0,,
2025-09-19T23:29:40.273290,254,92,28.5,,
2025-09-19T23:29:41.273290,256,93,29.0,,
2025-09-19T23:29:42.273290,258,94,29.5,,
2025-09-19T23:29:43.273290,260,95,25.0,,140
2025-09-19T23:29:44.273290,262,96,25.5,,
2025-09-19T23:29:45.273290,264,97,26.0,,
2025-09-19T23:29:46.273290,266,98,26.5,,
2025-09-19T23:29:47.273290,268,99,27.0,,
2025-09-19T23:29:48.273290,270,100,27.5,,145
2025-09-19T23:29:49.273290,272,101,28.0,,
2025-09-19T23:29:50.273290,274,102,28.5,,
2025-09-19T23:29:51.273290,276,103,29.0,,
2025-09-19T23:29:52.273290,278,104,29.5,,
2025-09-19T23:29:53.273290,280,85,25.0,,150
2025-09-19T23:29:54.273290,282,86,25.5,,
2025-09-19T23:29:55.273290,284,87,26.0,,
2025-09-19T23:29:56.273290,286,88,26.5,,
2025-09-19T23:29:57.273290,288,89,27.0,,
2025-09-19T23:29:58.273290,290,90,27.5,,155
2025-09-19T23:29:59.273290,292,91,28.0,,
2025-09-19T23:30:00.273290,294,92,28.5,,
2025-09-19T23:30:01.273290,296,93,29.0,,
2025-09-19T23:30:02.273290,298,94,29.5,,
2025-09-19T23:30:03.273290,300,95,25.0,,160
2025-09-19T23:30:04.273290,302,96,25.5,,
2025-09-19T23:30:05.273290,304,97,26.0,,
2025-09-19T23:30:06.273290,306,98,26.5,,
2025-09-19T23:30:07.273290,308,99,27.0,,
2025-09-19T23:30:08.273290,310,100,27.5,,165
2025-09-19T23:30:09.273290,312,101,28.0,,
2025-09-19T23:30:10.273290,314,102,28.5,,
2025-09-19T23:30:11.273290,316,103,29.0,,
2025-09-19T23:30:12.273290,318,104,29.5,,
2025-09-19T23:30:13.273290,200,85,25.0,,140
2025-09-19T23:30:14.273290,202,86,25.5,,
2025-09-19T23:30:15.273290,204,87,26.0,,
2025-09-19T23:30:16.273290,206,88,26.5,,
2025-09-19T23:30:17.273290,208,89,27.0,,
2025-09-19T23:30:18.273290,210,90,27.5,,145
2025-09-19T23:30:19.273290,212,91,28.0,,
2025-09-19T23:30:20.273290,214,92,28.5,,
2025-09-19T23:30:21.273290,216,93,29.0,,
2025-09-19T23:30:22.273290,218,94,29.5,,
2025-09-19T23:30:23.273290,220,95,25.0,,150
2025-09-19T23:30:24.273290,222,96,25.5,,
2025-09-19T23:30:25.273290,224,97,26.0,,
2025-09-19T23:30:26.273290,226,98,26.5,,
2025-09-19T23:30:27.273290,228,99,27.0,,
2025-09-19T23:30:28.273290,230,100,27.5,,155
2025-09-19T23:30:29.273290,232,101,28.0,,
2025-09-19T23:30:30.273290,234,102,28.5,,
2025-09-19T23:30:31.273290,236,103,29.0,,
2025-09-19T23:30:32.273290,238,104,29.5,,
2025-09-19T23:30:33.273290,240,85,25.0,,160
2025-09-19T23:30:34.273290,242,86,25.5,,
2025-09-19T23:30:35.273290,244,87,26.0,,
2025-09-19T23:30:36.273290,246,88,26.5,,
2025-09-19T23:30:37.273290,248,89,27.0,,
2025-09-19T23:30:38.273290,250,90,27.5,,165
2025-09-19T23:30:39.273290,252,91,28.0,,
2025-09-19T23:30:40.273290,254,92,28.5,,
2025-09-19T23:30:41.273290,256,93,29.0,,
2025-09-19T23:30:42.273290,258,94,29.5,,
2025-09-19T23:30:43.273290,260,95,25.0,,140
2025-09-19T23:30:44.273290,262,96,25.5,,
2025-09-19T23:30:45.273290,264,97,26.0,,
2025-09-19T23:30:46.273290,266,98,26.5,,
2025-09-19T23:30:47.273290,268,99,27.0,,
2025-09-19T23:30:48.273290,270,100,27.5,,145
2025-09-19T23:30:49.273290,272,101,28.0,,
2025-09-19T23:30:50.273290,274,102,28.5,,
2025-09-19T23:30:51.273290,276,103,29.0,,
2025-09-19T23:30:52.273290,278,104,29.5,,
2025-09-19T23:30:53.273290,280,85,25.0,,150
2025-09-19T23:30:54.273290,282,86,25.5,,
2025-09-19T23:30:55.273290,284,87,26.0,,
2025-09-19T23:30:56.273290,286,88,26.5,,
2025-09-19T23:30:57.273290,288,89,27.0,,
2025-09-19T23:30:58.273290,290,90,27.5,,155
2025-09-19T23:30:59.273290,292,91,28.0,,
2025-09-19T23:31:00.273290,294,92,28.5,,
2025-09-19T23:31:01.273290,296,93,29.0,,
2025-09-19T23:31:02.273290,298,94,29.5,,
2025-09-19T23:31:03.273290,300,95,25.0,,160
2025-09-19T23:31:04.273290,302,96,25.5,,
2025-09-19T23:31:05.273290,304,97,26.0,,
2025-09-19T23:31:06.273290,306,98,26.5,,
2025-09-19T23:31:07.273290,308,99,27.0,,
2025-09-19T23:31:08.273290,310,100,27.5,,165
2025-09-19T23:31:09.273290,312,101,28.0,,
2025-09-19T23:31:10.273290,314,102,28.5,,
2025-09-19T23:31:11.273290,316,103,29.0,,
2025-09-19T23:31:12.273290,318,104,29.5,,
2025-09-19T23:31:13.273290,200,85,25.0,,140
2025-09-19T23:31:14.273290,202,86,25.5,,
2025-09-19T23:31:15.273290,204,87,26.0,,
2025-09-19T23:31:16.273290,206,88,26.5,,
2025-09-19T23:31:17.273290,208,89,27.0,,
2025-09-19T23:31:18.273290,210,90,27.5,,145
2025-09-19T23:31:19.273290,212,91,28.0,,
2025-09-19T23:31:20.273290,214,92,28.5,,
2025-09-19T23:31:21.273290,216,93,29.0,,
2025-09-19T23:31:22.273290,218,94,29.5,,
2025-09-19T23:31:23.273290,220,95,25.0,,150
2025-09-19T23:31:24.273290,222,96,25.5,,
2025-09-19T23:31:25.273290,224,97,26.0,,
2025-09-19T23:31:26.273290,226,98,26.5,,
2025-09-19T23:31:27.273290,228,99,27.0,,
2025-09-19T23:31:28.273290,230,100,27.5,,155
2025-09-19T23:31:29.273290,232,101,28.0,,
2025-09-19T23:31:30.273290,234,102,28.5,,
2025-09-19T23:31:31.273290,236,103,29.0,,
2025-09-19T23:31:32.273290,238,104,29.5,,
2025-09-19T23:31:33.273290,240,85,25.0,,160
2025-09-19T23:31:34.273290,242,86,25.5,,
2025-09-19T23:31:35.273290,244,87,26.0,,
2025-09-19T23:31:36.273290,246,88,26.5,,
2025-09-19T23:31:37.273290,248,89,27.0,,
2025-09-19T23:31:38.273290,250,90,27.5,,165
2025-09-19T23:31:39.273290,252,91,28.0,,
2025-09-19T23:31:40.273290,254,92,28.5,,
2025-09-19T23:31:41.273290,256,93,29.0,,
2025-09-19T23:31:42.273290,258,94,29.5,,
2025-09-19T23:31:43.273290,260,95,25.0,,140
2025-09-19T23:31:44.273290,262,96,25.5,,
2025-09-19T23:31:45.273290,264,97,26.0,,
2025-09-19T23:31:46.273290,266,98,26.5,,
2025-09-19T23:31:47.273290,268,99,27.0,,
2025-09-19T23:31:48.273290,270,100,27.5,,145
2025-09-19T23:31:49.273290,272,101,28.0,,
2025-09-19T23:31:50.273290,274,102,28.5,,
2025-09-19T23:31:51.273290,276,103,29.0,,
2025-09-19T23:31:52.273290,278,104,29.5,,
2025-09-19T23:31:53.273290,280,85,25.0,,150
2025-09-19T23:31:54.273290,282,86,25.5,,
2025-09-19T23:31:55.273290,284,87,26.0,,
2025-09-19T23:31:56.273290,286,88,26.5,,
2025-09-19T23:31:57.273290,288,89,27.0,,
2025-09-19T23:31:58.273290,290,90,27.5,,155
2025-09-19T23:31:59.273290,292,91,28.0,,
2025-09-19T23:32:00.273290,294,92,28.5,,
2025-09-19T23:32:01.273290,296,93,29.0,,
2025-09-19T23:32:02.273290,298,94,29.5,,
2025-09-19T23:32:03.273290,300,95,25.0,,160
2025-09-19T23:32:04.273290,302,96,25.5,,
2025-09-19T23:32:05.273290,304,97,26.0,,
2025-09-19T23:32:06.273290,306,98,26.5,,
2025-09-19T23:32:07.273290,308,99,27.0,,
2025-09-19T23:32:08.273290,310,100,27.5,,165
2025-09-19T23:32:09.273290,312,101,28.0,,
2025-09-19T23:32:10.273290,314,102,28.5,,
2025-09-19T23:32:11.273290,316,103,29.0,,
2025-09-19T23:32:12.273290,318,104,29.5,,
